target,source,weight
King,Hall,18
Hill,King,13
Cook,Hill,12
Reed,Cook,10
Bell,Cook,10
Ward,Cook,11
Diaz,Cook,4
Wood,Cook,1
Gray,Cook,4
Cruz,Cook,10
Long,Cook,14
Ross,Hill,11
West,Ross,12
Cole,West,8
Ford,West,7
Ruiz,Ross,15
Webb,Ross,9
Shaw,Ross,11
Hunt,Shaw,4
Boyd,Shaw,9
Rose,Shaw,10
Rice,Shaw,9
Ryan,Ross,10
Dunn,Ryan,9
Tran,Ryan,9
Hart,Ryan,4
Lane,Ryan,10
Carr,Ryan,12
Dean,Ross,8
Sims,Hill,12
Soto,Hill,12
Chen,Soto,12
Reid,Soto,9
Wong,Reid,7
Pena,Soto,15
Rios,Soto,12
Beck,Rios,6
Wade,Soto,11
Lowe,Wade,6
Byrd,Soto,5
Vega,Soto,11
Holt,Hill,5
Neal,Hill,12
Hale,Neal,4
Park,Neal,7
Bush,Hill,14
Mann,Bush,10
Page,Mann,7
Love,Bush,4
Ball,Bush,9
Luna,Bush,9
Moss,Bush,9
Yang,Hill,11
Paul,Yang,10
Todd,Paul,15
Wolf,Paul,12
Gill,Paul,6
Wang,Paul,5
Tate,Paul,9
Mack,Paul,11
Wise,Paul,9
Rowe,Paul,8
Chan,Paul,9
Cobb,Paul,9
Leon,Paul,11
Pope,Paul,11
Owen,Paul,10
Pham,Paul,9
Lang,Paul,9
Lara,Paul,8
Lamb,Paul,4
Cain,Paul,10
Hess,Paul,8
Roth,Paul,6
Wall,Paul,7
Bass,Paul,7
Huff,Paul,9
Hood,Paul,6
Kirk,Yang,9
Horn,Kirk,9
York,Yang,6
Nash,Yang,11
Bond,Nash,9
Kane,Nash,8
Berg,Nash,9
Rich,Nash,6
Koch,Yang,9
Khan,Hill,11
Ware,Khan,4
Dyer,Khan,11
Clay,Dyer,8
Snow,Dyer,9
Kemp,Dyer,4
Knox,Dyer,8
Kerr,Dyer,7
Kent,Khan,10
Buck,Kent,9
Barr,Kent,10
Moon,Kent,9
Hull,Kent,1
Mora,Kent,11
Howe,Hill,10
Peck,Hill,10
Pace,Hill,10
Mays,King,12
Case,Mays,5
Pugh,Mays,11
Hahn,Pugh,11
Shah,Pugh,9
Meza,Shah,10
Rush,Shah,6
Bean,Shah,6
Lynn,Pugh,13
Best,Lynn,11
Sosa,Lynn,6
Frye,Pugh,4
Choi,Pugh,9
Levy,Choi,7
Mata,Choi,10
Bray,Choi,5
Good,Mays,13
Haas,Good,15
Bird,Haas,13
Duke,Haas,8
Odom,Haas,9
Hays,Haas,6
Mayo,Haas,8
Frey,Haas,7
Vang,Haas,9
Shea,Haas,6
Lutz,Haas,5
Kidd,Haas,5
Goff,Haas,8
Witt,Haas,7
Lake,Haas,8
Katz,Haas,1
Daly,Haas,1
Kuhn,Haas,1
Dodd,Haas,6
Camp,Haas,1
Lugo,Haas,1
Dale,Haas,8
Pate,Haas,9
Hyde,Haas,13
Cash,Haas,6
Fink,Haas,4
Noel,Haas,4
Rosa,Haas,9
Leal,Haas,7
Wynn,Haas,6
John,Haas,6
Kern,Haas,4
Lyon,Haas,7
Head,Haas,8
Cano,Haas,1
Phan,Haas,1
Nava,Haas,6
Hamm,Haas,1
Pike,Haas,1
Chin,Haas,6
Burt,Haas,9
Goss,Haas,1
Tang,Haas,5
Polk,Haas,1
Lott,Haas,7
Fish,Haas,7
Baca,Haas,8
Vera,Haas,8
Gore,Haas,7
Funk,Haas,6
Hong,Haas,8
Lund,Haas,9
Kang,Haas,8
Lord,Haas,5
Post,Haas,5
Crow,Haas,8
Self,Haas,5
Amos,Haas,3
Drew,Haas,9
Ivey,Good,10
Baez,Ivey,9
Neff,Ivey,8
Egan,Ivey,5
Blue,Ivey,8
Lacy,Ivey,10
Gunn,Ivey,9
Swan,Ivey,4
Hand,Ivey,4
Otto,Ivey,9
Dang,Ivey,4
Dick,Ivey,6
Mead,Ivey,4
Ames,Ivey,6
Kaur,Ivey,5
Winn,Ivey,5
Link,Ivey,4
Gary,Ivey,5
Cote,Ivey,5
Hurt,Ivey,4
Hoyt,Ivey,5
Land,Ivey,4
Doss,Ivey,5
Dahl,Ivey,5
Vela,Ivey,4
Voss,Ivey,4
Finn,Ivey,4
Deal,Ivey,4
Romo,Ivey,4
Metz,Ivey,6
Root,Ivey,5
Beal,Ivey,4
Toth,Ivey,5
Hurd,Ivey,5
Sapp,Ivey,5
Pina,Ivey,4
Farr,Ivey,4
Eddy,Ivey,7
Ring,Ivey,9
Yost,Ivey,6
Cody,Ivey,5
Epps,Ivey,5
Rico,Ivey,4
Penn,Ivey,8
Weir,Ivey,5
Pack,Ivey,6
Rock,Ivey,5
Mims,Ivey,4
Abel,Ivey,5
Gold,Ivey,5
Cope,Ivey,4
Doty,Ivey,4
Keys,Ivey,5
Kyle,Ivey,6
Vogt,Ivey,4
Fair,Ivey,4
Dill,Ivey,6
Judd,Ivey,5
Crum,Ivey,6
Hoff,Ivey,4
Jung,Ivey,4
Keen,Ivey,6
Blum,Ivey,5
Mohr,Ivey,4
Russ,Ivey,4
Luke,Ivey,5
Mott,Ivey,4
Coon,Ivey,5
Song,Ivey,5
Bain,Ivey,5
Read,Ivey,4
Hope,Ivey,4
Helm,Ivey,4
Fong,Ivey,7
Hawk,Ivey,4
Baer,Ivey,4
Parr,Ivey,6
Duff,Ivey,4
Baum,Ivey,4
Gage,Ivey,10
Mark,Ivey,8
Doan,Ivey,4
Ladd,Ivey,4
Shin,Ivey,4
Hare,Ivey,4
Chow,Ivey,9
Nagy,Ivey,4
Ruth,Ivey,4
Thao,Ivey,4
Sams,Ivey,6
Earl,Ivey,4
Jean,Ivey,4
Mock,Ivey,4
Gale,Ivey,8
Pyle,Ivey,4
Burk,Ivey,4
Ruff,Ivey,4
Call,Ivey,4
Watt,Ivey,7
Arce,Ivey,10
Burr,Good,12
Wray,Burr,4
Nunn,Burr,8
Vann,Burr,7
Kahn,Burr,7
Conn,Burr,6
Meek,Burr,8
Lind,Burr,6
Mena,Burr,7
Rudd,Burr,11
Dove,Burr,5
Dent,Burr,5
Ogle,Burr,6
Vick,Burr,6
Jack,Burr,8
Rapp,Burr,7
Laws,Burr,4
Dias,Burr,4
Elam,Burr,6
Heck,Burr,4
Foss,Burr,4
Graf,Burr,4
Lima,Burr,3
Moya,Burr,7
Seay,Burr,6
Robb,Burr,5
Loyd,Burr,4
Bock,Burr,3
Harp,Burr,3
Dowd,Burr,10
Gant,Burr,6
Chau,Burr,7
High,Burr,7
Beam,Burr,11
Pool,Burr,4
Will,Burr,5
Hook,Burr,6
Culp,Burr,5
Hein,Burr,11
Lyle,Good,10
Wahl,Lyle,4
Holm,Lyle,8
Mast,Lyle,8
Babb,Lyle,8
Main,Lyle,4
Gann,Lyle,7
Card,Lyle,13
Redd,Lyle,7
Herr,Lyle,12
Rees,Lyle,7
Wing,Lyle,7
East,Lyle,9
Grey,Lyle,8
Adam,Good,15
Ceja,Adam,8
Sisk,Adam,4
Linn,Adam,7
Lusk,Adam,7
Mace,Adam,6
Carl,Adam,6
Cary,Adam,7
Mize,Adam,7
Dinh,Adam,5
Rust,Adam,7
Hite,Adam,8
Kolb,Adam,8
Zhou,Adam,7
Falk,Adam,8
Yoon,Adam,10
Fine,Adam,6
Bach,Adam,7
Vest,Adam,6
Mesa,Adam,6
Reis,Adam,9
Chiu,Adam,6
Jett,Adam,8
Bull,Adam,11
Edge,Adam,8
Monk,Adam,7
Rupp,Adam,4
Muse,Adam,6
Chun,Adam,5
Dial,Adam,9
Ness,Adam,6
Irby,Adam,9
Kong,Adam,6
Bair,Adam,6
Keck,Adam,6
Lenz,Adam,6
Kopp,Adam,8
Muir,Adam,10
Tong,Adam,8
Bunn,Adam,6
Bone,Adam,7
Sell,Adam,6
Wren,Adam,9
Dees,Adam,7
Peek,Adam,8
Sage,Adam,9
Lira,Adam,6
Agee,Adam,6
Marr,Adam,6
Zhao,Adam,8
Dorn,Adam,7
Rand,Good,6
Mota,Good,12
Vail,Mota,5
Noll,Mota,8
Turk,Mota,8
Betz,Mota,6
Isom,Mota,6
Loya,Mota,4
Mull,Mota,4
Huey,Good,14
Tice,Huey,10
Alba,Huey,4
Cohn,Huey,5
Cone,Huey,8
Moua,Huey,5
Fisk,Huey,8
Legg,Huey,7
Free,Huey,7
Tuck,Huey,6
Pino,Huey,7
Haag,Huey,6
Karr,Huey,6
Doll,Huey,4
Kunz,Huey,6
Luce,Huey,4
Buss,Huey,7
Weis,Huey,4
Maas,Huey,6
Kwon,Huey,6
Marx,Huey,4
Bohn,Huey,6
Cota,Huey,4
Tsai,Good,11
Shay,Tsai,12
Timm,Tsai,9
Bess,Tsai,9
Neil,Tsai,7
Maki,Tsai,8
Gall,Tsai,7
Held,Tsai,8
Reno,Tsai,14
Kohl,Tsai,7
Kohn,Good,18
Roby,Kohn,7
Sabo,Kohn,11
Seal,Kohn,7
Ruby,Kohn,7
Goad,Kohn,6
Razo,Kohn,9
Eads,Kohn,7
Popp,Kohn,9
Bobo,Kohn,6
Shen,Kohn,6
Kaye,Kohn,10
Cady,Kohn,11
Teal,Kohn,7
Pond,Kohn,9
Munn,Kohn,7
Pitt,Kohn,6
Chao,Kohn,9
Volk,Kohn,9
Heim,Kohn,1
Lazo,Kohn,9
Taft,Kohn,7
Toro,Kohn,8
Dell,Kohn,8
Boss,Kohn,6
Back,Kohn,10
Hoke,Kohn,7
Zink,Kohn,8
Chew,Kohn,8
Geer,Kohn,9
Dube,Good,12
Thai,Dube,9
Belt,Dube,7
Akin,Dube,10
Kish,Dube,7
Zook,Dube,9
Cave,Dube,9
Hair,Dube,14
Heil,Dube,6
Ling,Dube,7
Keel,Dube,11
Nall,Dube,8
Dion,Dube,8
Mill,Dube,4
Wild,Dube,6
Clem,Dube,7
Wick,Dube,6
Ives,Dube,8
Peak,Dube,12
Nino,Dube,8
Furr,Dube,8
Weed,Dube,8
Wilt,Dube,7
Enos,Dube,10
Jobe,Dube,7
Cato,Dube,8
Troy,Dube,9
Budd,Dube,8
Ginn,Mays,14
TRUE,Ginn,11
Kwan,TRUE,8
Fort,TRUE,8
Moen,TRUE,5
Chou,TRUE,4
Krug,TRUE,3
Fain,TRUE,5
Rash,TRUE,4
Rhea,TRUE,4
Oden,TRUE,4
Paez,TRUE,6
Hitt,TRUE,5
Cass,TRUE,8
Getz,TRUE,10
Cade,TRUE,5
Lear,TRUE,4
Ault,TRUE,4
Bear,TRUE,5
Veal,TRUE,8
Teel,TRUE,10
Bahr,TRUE,7
Amin,TRUE,5
Otis,TRUE,4
Olds,TRUE,4
Fung,TRUE,3
Ashe,TRUE,6
Derr,TRUE,3
Jose,TRUE,3
Dong,TRUE,7
Hogg,TRUE,3
Rudy,TRUE,3
Lung,TRUE,7
Grim,TRUE,3
Maya,TRUE,7
Cupp,TRUE,4
Nutt,TRUE,3
Null,TRUE,3
Eden,TRUE,5
Rojo,TRUE,5
Hoch,TRUE,5
Moye,TRUE,8
Neel,TRUE,5
Yuen,TRUE,7
Oaks,TRUE,4
Ries,TRUE,5
Walz,TRUE,12
Bolt,TRUE,6
Tarr,TRUE,6
Choe,TRUE,4
Saul,TRUE,7
Koss,TRUE,4
Mabe,TRUE,5
Sato,TRUE,3
Lash,TRUE,3
Gass,TRUE,6
Luis,TRUE,10
Moll,TRUE,8
Hard,TRUE,6
Sena,TRUE,9
Hoag,TRUE,14
Palm,TRUE,8
Fang,TRUE,7
Melo,TRUE,7
Judy,TRUE,9
Butt,TRUE,7
Bice,TRUE,10
Bare,TRUE,6
Hume,TRUE,7
Hass,TRUE,9
Loza,TRUE,4
Corn,TRUE,11
Lien,TRUE,6
Pang,TRUE,7
Peel,TRUE,4
Durr,TRUE,5
Fife,TRUE,4
Levi,TRUE,6
Darr,TRUE,7
Keim,TRUE,10
Lock,TRUE,7
Pine,TRUE,5
Bowe,TRUE,5
Lohr,TRUE,5
Bard,TRUE,7
Burd,TRUE,7
Peng,TRUE,7
Bill,TRUE,5
Bays,TRUE,6
Lapp,TRUE,6
Rood,TRUE,5
Pape,Ginn,9
Myer,Pape,8
Pohl,Pape,1
Rife,Pape,11
Born,Pape,5
Jara,Pape,5
Hash,Pape,6
Lehr,Pape,7
Weil,Pape,7
Hann,Pape,8
Mudd,Pape,5
Huss,Pape,3
Orth,Pape,5
Neri,Pape,4
Rohr,Pape,7
Ritz,Pape,8
Fike,Ginn,11
Hung,Fike,11
Duda,Fike,13
Karl,Fike,8
Rath,Fike,8
Gist,Fike,8
Ison,Fike,8
Ream,Fike,10
Lamm,Fike,11
Zahn,Ginn,7
Tait,Ginn,10
Sipe,Mays,13
Tapp,Sipe,5
Klug,Sipe,11
Muro,Klug,7
Jain,Klug,9
Lett,Sipe,12
Hack,Lett,8
Kipp,Lett,7
Rahn,Lett,8
Luck,Lett,8
Bode,Lett,7
Word,Sipe,11
Bott,Word,9
Belk,Mays,18
Papa,Belk,11
Book,Papa,5
Rule,Papa,9
Fore,Papa,10
Fell,Papa,9
Vaca,Papa,8
Ochs,Papa,8
Orta,Papa,8
Dorr,Papa,7
Feng,Papa,7
Jang,Papa,7
Liao,Papa,8
Beer,Belk,12
Zinn,Beer,4
Deck,Beer,9
Cory,Beer,11
Fogg,Beer,9
Bost,Beer,13
Kuhl,Beer,6
Wilk,Beer,11
Koon,Beer,12
Real,Beer,7
Maes,Beer,10
Raya,Belk,9
Bias,King,12
Folk,Bias,14
Haro,Folk,9
Mink,Folk,13
Bane,Bias,12
Fite,Bane,7
Benz,Bane,7
Buie,Bane,7
Wold,Bane,7
Houk,Bane,7
Lees,Bane,8
Rego,Bias,6
Tull,Bias,11
Quan,Tull,14
Harr,Tull,10
Sung,Tull,11
Hang,Tull,9
Lupo,Tull,7
Yuan,Tull,7
Karp,Bias,11
Pepe,Kaid,10
Sink,Kaid,7
Dana,Bias,11
Korn,Dana,9
Nail,Dana,7
Syed,Bias,8
Mick,Bias,10
Fick,King,17
Senn,Fick,11
Herd,Senn,10
Reel,Senn,6
Thom,Senn,11
Zito,Senn,11
Puga,Zito,8
Macy,Senn,11
Kahl,Senn,9
Vice,Senn,12
Grow,Senn,9
Rick,Fick,11
Sand,Rick,10
Curl,Sand,8
Kell,Sand,7
Wash,Sand,8
Matz,Rick,9
Choy,Matz,9
Grau,Matz,9
Haun,Matz,6
Volz,Matz,7
Roos,Matz,7
Roll,Matz,8
Hock,Matz,7
Rome,Matz,4
Caro,Rick,9
Keil,Rick,10
Cool,Rick,12
Dyke,Rick,10
Lora,Rick,4
Raab,Fick,12
Gong,Raab,10
Kite,Raab,7
Sass,Raab,14
Poff,Fick,10
Dore,Fick,11
Race,Dore,9
Noah,Dore,8
Cage,Dore,10
Wald,Cage,9
Delp,Fick,13
Nuno,Delp,9
Gard,Delp,14
Gott,Delp,7
Cate,Fick,5
Haug,Fick,9
Muth,King,11
Rusk,Muth,5
Diep,Muth,16
Gwin,Muth,9
Hupp,King,16
Juan,Hupp,7
Izzo,Hupp,4
Dull,Hupp,13
Abad,Dull,5
Hipp,Dull,17
Toms,Hipp,9
Jahn,Hipp,12
Mach,Hipp,7
Heal,Hipp,6
Rook,Hipp,4
Delk,Hipp,5
Burg,Hipp,4
Kile,Hipp,5
Leos,Hipp,4
Aziz,Hipp,4
Borg,Hipp,6
Kulp,Hipp,4
Reza,Hipp,9
Hinz,Hipp,8
Nave,Hipp,4
Goto,Hipp,10
Fenn,Hipp,9
Kain,Hipp,6
Eley,Hipp,7
Kwok,Hipp,8
Rude,Hipp,7
Nord,Hipp,4
Drum,Hipp,6
Fast,Hipp,11
Maze,Hipp,8
Fulk,Hipp,6
Mapp,Hipp,3
Rone,Hipp,4
Huck,Hipp,6
Kato,Hipp,3
Alva,Hipp,5
Wulf,Hipp,7
Pigg,Hipp,4
Ruhl,Hipp,8
Duty,Hipp,9
Pass,Hipp,7
Mars,Hipp,5
Crim,Hipp,6
Gaul,Hipp,7
Chee,Hipp,7
Alam,Hipp,5
Ming,Hipp,4
Benn,Hipp,4
Gast,Hipp,7
Wine,Hipp,4
Sain,Hipp,4
Zorn,Hipp,5
Rizo,Hipp,4
Kiel,Hipp,5
Behm,Hipp,4
Hopp,Hipp,4
Raby,Hipp,4
Pell,Hipp,4
Roof,Hipp,4
Rabe,Hipp,6
Alex,Hipp,4
Pete,Hipp,4
Pahl,Hipp,5
Ealy,Hipp,4
Saiz,Hipp,3
Lent,Hipp,4
Merz,Hipp,5
Yung,Hipp,5
Butz,Hipp,9
Olin,Hipp,6
Otte,Hipp,6
Ivie,Hipp,4
Deel,Hipp,3
Duck,Hipp,4
Matt,Hipp,3
Coen,Hipp,3
Loos,Hipp,3
Wert,Hipp,6
Bent,Hipp,3
Tabb,Hipp,5
Hoss,Dull,11
Fall,Hupp,17
Saad,Fall,14
Lunn,Fall,11
Omar,Lunn,9
Till,Lunn,7
Leak,Lunn,7
Mote,Lunn,7
More,Hupp,13
Walk,More,5
Huth,More,10
Odum,More,13
Deng,More,8
Deen,More,13
Shih,Deen,6
Lail,Hupp,10
Papp,Lail,10
Roop,Papp,7
Hoey,Papp,4
Guan,Papp,4
Kean,Papp,4
Dann,Papp,4
Brim,Papp,4
Poon,Papp,9
Shim,Papp,7
Sohn,Papp,10
Look,Papp,7
Mele,Papp,8
Dave,Papp,11
Maye,Papp,7
Lamp,Papp,12
Rein,Papp,6
Hans,Papp,12
Hawn,Papp,6
Bang,Papp,8
Croy,Papp,4
Jost,Papp,6
Kapp,Papp,7
Bove,Lail,9
Slay,Bove,11
Maus,Bove,6
Higa,Bove,10
Groh,Bove,7
Powe,Bove,9
Zack,Bove,6
Rost,Bove,8
Fant,Bove,10
Jump,Bove,6
Spry,Bove,8
Lotz,Bove,8
Mash,Bove,6
Crew,Bove,4
Kutz,Bove,4
Fehr,Bove,5
Odle,Bove,4
Tung,Bove,5
Mori,Bove,4
Nero,Bove,4
Bing,Bove,4
Arms,Bove,4
Rana,Bove,5
Gish,Bove,4
Bibb,Bove,5
June,Bove,5
Chon,Bove,4
Eder,Bove,4
Kurz,Bove,4
Work,Bove,4
Meng,Bove,9
Tutt,Bove,5
Core,Bove,5
Hake,Bove,4
Deas,Bove,4
List,Bove,5
Awad,Bove,5
Poss,Bove,4
Krol,Bove,5
Hine,Bove,9
Berk,Bove,6
Earp,Bove,6
Peer,Bove,10
Cann,Bove,6
Lair,Bove,7
Nair,Bove,6
Nuss,Bove,7
Kamp,Bove,6
Eady,Bove,6
Just,Bove,8
Oday,Bove,8
Zeng,Lail,13
Argo,Zeng,7
Cram,Zeng,7
Pray,Zeng,7
Kwak,Zeng,10
Ober,Zeng,8
Behr,Zeng,7
Ayon,Lail,11
Rehm,Ayon,7
Fitz,Hupp,16
Henn,Fitz,5
Haws,Fitz,9
Coss,Hupp,10
Paiz,Coss,13
Laux,Paiz,10
Boos,Paiz,8
Sack,Paiz,7
Dear,Paiz,10
Kiss,Paiz,11
Huhn,Paiz,6
Bugg,Paiz,9
Seng,Paiz,2
Lahr,Paiz,6
Gibb,Paiz,5
Batt,Paiz,4
Ruch,Paiz,4
Mier,Paiz,2
Lark,Paiz,7
Yong,Paiz,11
Bova,Paiz,6
Dame,Paiz,7
Doak,Paiz,8
Bash,Coss,12
Kass,Bash,2
Sale,Bash,7
Byer,Coss,9
Hord,Byer,8
Aman,Byer,8
Rael,Byer,2
Eide,Byer,4
Bish,Byer,2
Blow,Byer,9
Guth,Byer,9
Said,Byer,8
Rhee,Byer,7
Rode,Byer,7
Pera,Byer,3
Copp,Byer,3
Garr,Byer,3
Mike,Byer,4
Daye,Byer,3
Rupe,Byer,3
Mauk,Coss,9
Hutt,Mauk,8
Dart,Mauk,8
Sala,Mauk,6
Auer,Mauk,4
Chea,Mauk,6
Oney,Mauk,6
Liss,Mauk,8
Bobb,Coss,9
Sias,Coss,4
Dail,Coss,9
Ebel,Hupp,10
Geis,Ebel,13
Bono,Geis,8
Tims,Geis,8
Nice,Geis,5
Ayer,Geis,5
Dole,Geis,6
Baty,Geis,4
Dare,Geis,4
Roan,Geis,10
Lobo,Geis,6
Gust,Geis,7
Wear,Geis,8
Mohn,Geis,10
Dice,Geis,9
Sill,Geis,7
Reif,Geis,6
Reep,Geis,7
Peet,Geis,9
Poor,Geis,6
Felt,Geis,6
Warr,Geis,6
Tart,Geis,8
Bork,Ebel,4
Noto,Ebel,9
Remy,Noto,5
Sher,Ebel,10
Mask,Sher,8
Daum,Sher,5
Fann,Sher,8
Toma,Sher,7
Dash,Sher,5
Hone,Sher,6
Renz,Sher,8
Lipp,Sher,8
Rank,Sher,8
Lore,Sher,6
Cale,Sher,8
Holl,Sher,8
Deem,Sher,9
Davy,Sher,9
Gumm,Sher,5
Guay,Sher,7
Oman,Sher,11
Kost,Sher,4
Rutz,Sher,8
Doud,Sher,8
Vale,Sher,5
Aker,Sher,6
Line,Sher,5
Pick,Sher,6
Lieb,Ebel,9
Pare,Lieb,9
Boaz,Lieb,9
Coco,Lieb,5
Nick,Lieb,4
Maul,Lieb,6
Mong,Lieb,7
Bohl,Lieb,6
Coan,Lieb,7
Loeb,Lieb,7
Hern,Lieb,4
Herb,Lieb,10
Blom,Lieb,6
Vong,Lieb,5
Gama,Lieb,6
Kale,Lieb,6
Shue,Lieb,8
Saez,Lieb,11
Dake,Lieb,5
Leek,Lieb,9
Zell,Lieb,5
Baur,Ebel,13
Saba,Baur,1
Smit,Baur,9
Laub,Baur,6
Ting,Baur,1
Elia,Baur,1
Rugg,Baur,1
Leaf,Baur,1
Hilt,Baur,1
Bopp,Baur,1
Holz,Baur,1
Dane,Baur,1
Foor,Baur,1
Masi,Baur,1
Noon,Baur,1
Coll,Baur,1
Lucy,Baur,1
Ping,Baur,1
Lain,Baur,1
Peay,Baur,1
Haga,Baur,1
Blas,Baur,1
Lepe,Baur,1
Esch,Baur,1
Pyne,Baur,1
Olea,Baur,1
Roux,Baur,1
Nace,Baur,1
Diez,Baur,1
Cane,Baur,1
Pegg,Baur,1
Lino,Baur,1
Tyus,Baur,1
Azar,Baur,1
Lieu,Baur,1
Odea,Baur,1
Cron,Baur,1
Hugo,Baur,1
Kral,Baur,1
Mehl,Baur,1
Hagy,Baur,1
Rink,Baur,1
Chua,Baur,7
Mara,Baur,1
Birk,Baur,1
Deyo,Baur,1
Zeno,Baur,1
Kays,Baur,1
Hile,Baur,1
Heng,Baur,1
Dark,Baur,1
Roca,Baur,1
Cuff,Baur,1
Artz,Baur,1
Hail,Baur,1
Wait,Baur,7
Boll,Baur,1
Bose,Baur,1
Bury,Baur,1
Hohn,Baur,1
Mroz,Baur,1
Repp,Baur,1
Foxx,Baur,1
Gros,Baur,1
Lunt,Baur,1
Sowa,Baur,1
Hoge,Baur,1
Reck,Ebel,13
Rigg,Reck,7
Feld,Reck,9
Hott,Reck,10
Nolt,Reck,9
Rabb,Reck,9
Clow,Hoss,6
Corr,Hoss,6
Renn,Hoss,1
Towe,Hoss,1
Gove,Hoss,1
Port,Hoss,9
Buff,Hoss,1
Huie,Hoss,1
Polo,Hoss,1
Salo,Hoss,1
Aden,Hoss,1
Iles,Hoss,1
Exum,Hoss,1
Foti,Hoss,4
Xiao,Hoss,9
Leis,Hoss,6
Auld,Hoss,6
Eudy,Hoss,1
Gadd,Hoss,1
Silk,Hoss,1
Hirt,Hoss,1
Zane,Hoss,1
Goin,Hoss,1
Wipf,Hoss,1
Cray,Hoss,1
Bath,Hoss,1
Lack,Hoss,1
Yoho,Hoss,1
Kung,Hoss,1
Tsui,Hoss,1
Plum,Ebel,8
Kime,Ebel,11
Mass,Kime,4
Bump,Kime,8
Hain,Kime,9
Suhr,Kime,7
Ding,Kime,4
Geib,Kime,7
Sorg,Ebel,12
Vara,Sorg,9
Litz,Sorg,5
Wehr,Sorg,6
Alas,Sorg,9
Bale,Sorg,7
Hage,Sorg,7
Sugg,Sorg,6
Seda,Sorg,1
Blau,Sorg,6
Urso,Sorg,5
Kaul,Ebel,9
Weng,Kaul,6
Teng,King,13
Waid,Teng,12
Bart,Waid,12
Deer,Bart,12
Ganz,Bart,8
Wier,Bart,7
Glen,Bart,6
Guin,Bart,6
Hyer,Bart,10
Lema,Bart,1
Chai,Bart,1
Oddo,Bart,1
Kalb,Bart,1
Fern,Bart,1
Mire,Bart,1
Vass,Bart,9
Zehr,Bart,9
Damm,Bart,10
Bonk,Bart,8
Kelm,Bart,7
Topp,Bart,7
Issa,Bart,1
Luft,Bart,7
Nell,Bart,12
Gile,Bart,8
Mort,Bart,7
Reda,Bart,9
Cali,Bart,6
Maag,Bart,5
Murr,Bart,9
Seth,Bart,7
Toon,Bart,8
Addy,Bart,10
Hose,Bart,8
Seto,Bart,8
Putt,Bart,14
Faul,Bart,8
Adan,Bart,7
Lipe,Bart,8
Coke,Bart,8
Cork,Bart,7
Yawn,Bart,1
Wind,Waid,12
Vila,Wind,8
Hara,Wind,8
Rohn,Wind,8
Veit,Wind,10
Lile,Wind,7
Jude,Wind,12
Hatt,Wind,9
Birt,Wind,1
Mork,Wind,11
Wolk,Wind,13
Guss,Wind,7
Kehl,Wind,10
Nitz,Wind,7
Fein,Wind,9
Heid,Wind,8
Mair,Wind,7
Paik,Wind,7
Korb,Wind,9
Tyre,Wind,6
Cape,Wind,12
Cabe,Wind,10
Como,Wind,8
Motz,Wind,3
Pink,Wind,5
Quam,Wind,6
Taub,Wind,10
Wake,Wind,10
Bast,Waid,12
Tuma,Bast,5
Kopf,Bast,7
Mina,Bast,7
Orme,Bast,1
Hice,Waid,14
Mika,Hice,14
Doby,Hice,10
Shew,Hice,6
Lape,Hice,6
Buhl,Hice,9
Kull,Hice,10
Rine,Hice,8
Sing,Hice,6
Klee,Hice,7
Hunn,Hice,9
Avis,Hice,6
Tena,Hice,1
Rolf,Hice,6
Milo,Hice,17
Wyse,Hice,6
Boes,Hice,6
Rall,Hice,9
Fahy,Hice,10
Loch,Hice,5
Wink,Hice,6
Able,Hice,7
Koop,Hice,1
Lach,Hice,9
Yale,Hice,7
Frei,Hice,8
Lago,Hice,7
Moak,Hice,8
Elms,Hice,7
Bohm,Hice,7
Buch,Hice,7
Bade,Hice,9
Imes,Hice,8
Maly,Hice,8
Yohe,Hice,1
Beil,Hice,8
Lanz,Hice,7
Mahn,Hice,6
Town,Hice,8
Lebo,Waid,13
Gump,Lebo,8
Moro,Lebo,6
Hebb,Lebo,6
Bank,Lebo,7
Dade,Lebo,10
Tidd,Lebo,8
Ropp,Lebo,10
Moor,Lebo,6
Baig,Lebo,7
Malo,Lebo,8
Tsao,Lebo,13
Pair,Lebo,9
Bara,Lebo,8
Eyre,Lebo,5
Bier,Lebo,9
Balk,Lebo,6
Buhr,Lebo,6
Dula,Lebo,8
Gans,Lebo,5
Klos,Lebo,7
Wirt,Lebo,6
Lint,Lebo,5
Haak,Lebo,7
Vess,Lebo,7
Thor,Lebo,7
Wike,Lebo,7
Brey,Lebo,8
Pero,Lebo,4
Sova,Lebo,8
Leff,Lebo,11
Agan,Lebo,6
Mary,Lebo,8
Elie,Lebo,6
Otey,Lebo,9
Leto,Lebo,6
Mraz,Lebo,9
Hise,Lebo,7
Ince,Lebo,6
Haar,Lebo,4
Gwyn,Lebo,4
Bark,Lebo,6
Foos,Lebo,4
Vine,Lebo,4
Kula,Lebo,12
Stec,Lebo,10
Rene,Lebo,9
Toll,Lebo,7
Dall,Lebo,8
Brun,Lebo,7
Dehn,Lebo,5
Kamm,Lebo,7
Sine,Lebo,14
Riel,Lebo,7
Popa,Lebo,13
Jury,Lebo,9
Kron,Lebo,8
Gram,Lebo,6
Inge,Waid,12
Moir,Inge,15
Nott,Inge,8
Mumm,Inge,6
Asay,Inge,6
Biel,Inge,7
Nova,Inge,9
Tant,Inge,8
Malm,Inge,7
Pons,Inge,8
Kitt,Inge,9
Loop,Inge,8
Foye,Inge,10
Jeon,Inge,7
Nies,Inge,9
Pier,Inge,13
Juhl,Inge,6
Coil,Inge,9
Lobb,Inge,7
Neer,Inge,7
Fray,Inge,9
Amey,Inge,7
Rada,Inge,8
Huse,Inge,11
Musa,Inge,7
Aron,Inge,6
Rago,Inge,8
Rutt,Inge,6
Voth,Inge,8
Tank,Inge,8
Bonn,Inge,8
Tosh,Inge,7
Hoye,Inge,6
Manz,Inge,6
Catt,Inge,6
Boon,Inge,9
Puma,Inge,8
Abdi,Inge,9
Puls,Inge,9
Brew,Inge,11
Emig,Inge,9
Gear,Inge,9
Cull,Inge,7
Muck,Inge,7
Peed,Inge,9
Ruan,Inge,7
Soza,Inge,6
Karn,Inge,5
Lyda,Inge,6
Wyss,Inge,9
Vyas,Inge,6
Trim,Inge,4
Ruck,Inge,8
Eich,Inge,8
Sinn,Inge,10
Hepp,Inge,9
Oros,Inge,1
Belz,Inge,7
Kees,Inge,8
Dahm,Inge,9
Dyal,Inge,14
Gent,Inge,8
Shum,Inge,7
Amon,Inge,8
Loar,Inge,9
Gano,Inge,6
Putz,Inge,8
Nock,Inge,6
Sieg,Inge,10
Wann,Inge,10
Helt,Inge,7
Chae,Inge,14
Evan,Inge,13
Klem,Inge,12
Hohl,Inge,7
Lisk,Inge,7
Tune,Inge,5
Frew,Inge,8
Coto,Inge,7
Curd,Inge,9
Banh,Inge,7
Eure,Inge,7
Pfau,Inge,8
Yohn,Inge,11
Bown,Inge,7
Hole,Inge,7
Patt,Inge,8
Sons,Inge,7
Dews,Inge,4
Kast,Inge,8
Shan,Inge,7
Taff,Inge,7
Raza,Inge,6
Jaco,Inge,8
Poll,Inge,9
Nale,Inge,7
Lesh,Inge,9
Mang,Inge,7
Kier,Inge,7
Ewen,Inge,7
Perl,Inge,7
Harn,Inge,7
Imel,Inge,7
Lage,Inge,7
Shao,Inge,7
Iyer,Inge,8
Prim,Inge,11
Wein,Inge,11
Puig,Inge,9
Daub,Inge,9
Welk,Inge,3
Sica,Inge,1
Tien,Waid,10
Leet,Tien,10
Drye,Waid,12
Gies,Drye,8
Fagg,Drye,11
Hank,Drye,6
Wark,Drye,7
Rayl,Drye,6
Mose,Drye,7
Ocon,Teng,13
Buda,Ocon,14
Beem,Buda,10
Hotz,Buda,9
Baek,Buda,7
Mahr,Buda,8
Heer,Buda,9
Modi,Buda,7
Bert,Buda,7
Bien,Buda,6
Gose,Buda,8
Hild,Buda,8
Capo,Buda,8
Gran,Buda,9
Nath,Buda,4
Zang,Buda,8
Gain,Buda,8
Usry,Buda,6
Pelt,Buda,1
Body,Buda,7
Sola,Buda,10
Moos,Buda,4
Nigh,Buda,1
Luby,Buda,7
Ronk,Buda,1
Apel,Buda,7
Lute,Buda,7
Espy,Buda,7
Jone,Buda,8
Lisi,Buda,10
Soni,Buda,8
Eger,Buda,6
Kott,Buda,6
Rist,Buda,8
Pozo,Buda,7
Leib,Buda,7
Knop,Buda,6
Aoki,Buda,7
Caba,Buda,7
Naik,Buda,6
Solt,Buda,9
Dyck,Buda,6
Bucy,Buda,7
Feil,Buda,11
Joya,Buda,7
Goll,Buda,6
Teer,Buda,7
Star,Buda,10
Zick,Buda,7
Hyun,Buda,8
Abdo,Buda,1
Fout,Buda,8
Wenz,Buda,6
Wada,Buda,6
Wass,Buda,8
Nass,Buda,11
Even,Buda,11
Fuss,Ocon,10
Last,Fuss,9
Most,Fuss,9
Barb,Fuss,8
Tieu,Fuss,7
Dowe,Fuss,8
Raub,Fuss,1
Iler,Fuss,6
Prue,Fuss,8
Haan,Fuss,7
Loud,Fuss,11
Rayo,Fuss,10
Fulp,Fuss,5
Krum,Ocon,9
Coop,Krum,7
Byun,Ocon,11
Lama,Ocon,9
Tyra,Ocon,6
Goza,Ocon,11
Huls,Ocon,7
Diem,Ocon,10
Bahe,Ocon,7
Dray,Ocon,8
Wurm,Ocon,7
Loew,Ocon,7
Bate,Ocon,6
Pico,Ocon,9
Lein,Ocon,11
Fyfe,Ocon,6
Rish,Ocon,13
Oram,Rish,4
Mell,Rish,13
Bick,Rish,1
Ptak,Rish,8
Bohr,Rish,1
Roma,Rish,10
Fear,Rish,11
Kash,Rish,7
Mall,Rish,8
Vito,Rish,7
Heap,Rish,7
Wohl,Rish,7
Yard,Rish,9
File,Rish,14
Hove,Rish,8
Swim,Rish,7
Gipe,Rish,8
Aten,Rish,8
Eyer,Rish,7
Tome,Rish,10
Zhen,Rish,8
Luca,Rish,8
Munk,Rish,7
Nims,Rish,13
Male,Rish,10
Noga,Rish,10
Amen,Rish,6
Fred,Rish,11
Ryba,Rish,10
Endo,Rish,7
Buse,Rish,13
Days,Rish,7
Eash,Rish,13
Font,Rish,1
Teed,Rish,9
Wile,Rish,8
Avey,Rish,9
Cora,Rish,9
Vose,Rish,8
Capp,Rish,12
Hoar,Rish,8
Maio,Rish,9
Olah,Rish,8
Ying,Rish,9
Blea,Rish,8
Piro,Rish,7
Bona,Rish,11
Cree,Rish,8
Gelb,Rish,7
Tell,Rish,4
Roye,Rish,8
Aune,Rish,7
Saxe,Rish,8
Ramm,Rish,7
Pica,Rish,6
Oren,Rish,11
Dike,Rish,8
Herz,Rish,8
Near,Rish,8
Tian,Rish,12
Tebo,Rish,9
Pech,Rish,1
Wint,Teng,14
Dyar,Wint,10
Lary,Dyar,9
Edie,Dyar,7
Grob,Dyar,6
Huot,Dyar,5
Hurn,Dyar,7
Tonn,Dyar,6
Qian,Dyar,6
Maza,Dyar,4
Boan,Dyar,5
Dock,Wint,12
Jent,Dock,5
Stem,Dock,11
Hitz,Dock,5
Ripp,Dock,8
Brow,Dock,7
Mook,Dock,8
Flax,Dock,6
Guel,Dock,6
Raff,Dock,9
Kuss,Dock,6
Then,Dock,9
Kuck,Dock,13
Arey,Dock,8
Dawe,Dock,10
Raye,Dock,8
Haig,Dock,6
Kehr,Dock,12
Vita,Dock,11
Bubb,Dock,7
Losh,Dock,7
Aust,Dock,6
Tews,Dock,14
Gash,Dock,9
Hauk,Dock,7
Mera,Dock,12
Rahm,Dock,1
Coca,Dock,8
Bahl,Dock,11
Maez,Dock,7
Fuhr,Dock,7
Voll,Dock,8
Zach,Dock,13
Sang,Dock,9
Poli,Dock,6
Rast,Dock,6
Bala,Dock,7
Kind,Dock,5
Risk,Dock,7
Jess,Dock,8
Erbe,Dock,9
Kear,Dock,7
Calo,Dock,4
Munz,Dock,4
Woll,Dock,8
Bold,Dock,6
Davi,Dock,4
Saia,Dock,6
Zerr,Dock,6
Brar,Dock,5
Piel,Dock,4
Raja,Dock,6
Kail,Dock,5
Olmo,Wint,11
Gula,Olmo,10
Lone,Olmo,4
Kruk,Olmo,9
Kriz,Olmo,8
Hegg,Olmo,6
Tall,Olmo,5
Alli,Olmo,7
Harb,Olmo,8
Kies,Olmo,9
Fett,Olmo,6
Lass,Olmo,6
Ruis,Olmo,6
Loss,Olmo,9
Ours,Olmo,6
Meck,Olmo,7
Duby,Olmo,7
Tope,Olmo,11
Suda,Olmo,8
Denk,Olmo,6
Pita,Olmo,10
Sund,Olmo,11
Zepp,Olmo,9
Deeb,Olmo,7
Haus,Olmo,5
Garg,Olmo,9
Sanz,Olmo,8
Baba,Olmo,8
Cuba,Olmo,8
Muto,Olmo,8
Mero,Olmo,10
Osby,Olmo,9
Cudd,Olmo,9
Byas,Olmo,8
Lyke,Olmo,9
Burn,Olmo,7
Nold,Olmo,10
Host,Olmo,7
Denn,Olmo,6
Baas,Olmo,8
Kump,Olmo,9
Tack,Wint,4
Warf,Wint,15
Meli,Warf,11
Sego,Warf,10
Rech,Warf,9
Kase,Warf,8
Yopp,Warf,10
Eves,Warf,7
Luiz,Warf,9
Situ,Warf,8
Rubi,Wint,11
Eoff,Rubi,8
Fava,Rubi,7
Chia,Rubi,6
Pung,Rubi,6
Rahe,Rubi,8
Gier,Rubi,6
Reeb,Rubi,6
Vogl,Teng,5
Koza,Teng,15
Danz,Koza,11
Cost,Danz,9
Oles,Danz,11
Dery,Danz,6
Lona,Danz,6
Batz,Danz,9
Rini,Danz,8
Bran,Danz,11
Ivan,Danz,11
Pile,Danz,6
Guse,Danz,10
Ruud,Danz,6
Beas,Danz,8
Bise,Danz,6
Caso,Danz,6
Meis,Danz,7
Zych,Danz,9
Atha,Danz,14
Hoak,Danz,1
Kohr,Danz,9
Raia,Danz,11
Luff,Danz,7
Meas,Danz,1
Husk,Danz,6
Corl,Danz,1
Dopp,Danz,8
Choo,Danz,1
Ogan,Danz,6
Kush,Danz,7
Sole,Danz,6
Aber,Danz,8
Hege,Danz,6
Rohm,Danz,7
Khuu,Danz,10
Lisa,Danz,6
Rake,Danz,5
Luse,Danz,6
Lehn,Danz,8
Flor,Danz,10
Gift,Danz,9
Ells,Danz,13
Mari,Danz,12
Hund,Danz,10
Wire,Danz,1
Than,Danz,7
Rizk,Danz,10
Rotz,Danz,6
Vida,Danz,7
Hoel,Danz,9
Stow,Danz,9
Zoll,Danz,8
Ager,Danz,7
Litt,Danz,12
Nees,Danz,12
Lish,Danz,11
Vore,Danz,12
Lynd,Koza,14
Aube,Lynd,10
Cude,Lynd,8
Ader,Lynd,7
Knee,Lynd,9
Lust,Koza,6
Mira,Koza,18
Hird,Mira,9
Aday,Mira,8
Toft,Mira,13
Faye,Mira,9
Stam,Mira,4
Baze,Mira,8
Seim,Mira,9
Erby,Mira,8
Homa,Mira,8
Deno,Mira,6
Saha,Mira,9
Omer,Mira,7
Mole,Mira,8
Novy,Mira,8
Peal,Mira,7
Arno,Mira,8
Colt,Mira,8
Gatz,Mira,8
Krom,Mira,7
Ngai,Mira,8
Sepe,Mira,8
Fath,Mira,5
Gero,Koza,11
Tann,Gero,11
Cahn,Gero,3
Rauh,Gero,8
Toto,Gero,8
Amis,Gero,7
Toby,Koza,10
Dutt,Toby,8
Quin,Toby,10
Alan,Koza,11
Menz,Alan,10
Koen,Alan,5
Zech,Alan,10
Mule,Alan,8
Paek,Alan,8
Nett,Alan,6
Uber,Alan,13
Otts,Alan,7
Kirn,Alan,7
Leas,Alan,8
Mani,Alan,8
Karg,Alan,12
Bunt,Alan,4
Tyer,Alan,13
Flom,Alan,8
Hieb,Alan,9
Kats,Alan,6
Kann,Alan,8
Rote,Alan,8
Wess,Alan,7
Rohe,Alan,10
Lowy,Alan,7
Ruel,Alan,6
Zona,Alan,13
Oyer,Alan,8
Rott,Alan,5
Lamy,Alan,11
Abbe,Alan,8
Boer,Alan,11
Pane,Alan,11
Cola,Alan,11
Quon,Alan,1
Tubb,Alan,8
Mans,Alan,6
Petz,Alan,6
Runk,Alan,6
Sood,Alan,8
Hodo,Alan,5
Dawn,Alan,8
Gehl,Alan,1
Arch,Alan,7
Egli,Alan,1
Kaup,Alan,1
Mutz,Alan,1
Hane,Alan,6
Coty,Alan,8
Goel,Alan,6
Miah,Alan,8
Dant,Alan,7
Louk,Alan,6
Nida,Alan,8
Toal,Alan,9
Kole,Alan,6
Roff,Alan,8
Heft,Alan,9
Reil,Alan,11
Weld,Alan,10
Youn,Alan,8
Daws,Alan,9
Joly,Alan,6
Chui,Alan,9
Jock,Alan,10
Voit,Alan,7
Ally,Alan,6
Broz,Alan,9
Gaus,Alan,8
Noss,Alan,11
Mehr,Alan,7
Daza,Alan,11
Kill,Alan,11
Gean,Alan,7
Hugh,Alan,7
Ried,Alan,8
Cure,Alan,9
Skow,Alan,6
Walt,Koza,10
Zion,Walt,6
Amar,Walt,10
Lech,Walt,1
Yant,Walt,9
Buis,Walt,8
Behn,Walt,9
Duet,Walt,9
Lush,Walt,6
Neve,Walt,8
Duca,Walt,11
Ghee,Walt,8
Cast,Walt,9
Lown,Walt,12
Koll,Walt,8
Tone,Walt,9
Svec,Walt,8
Lall,Walt,7
Sant,Walt,7
Leap,Teng,14
Rape,Leap,11
Bley,Rape,8
Mund,Rape,10
Boni,Rape,4
Prom,Rape,10
Diel,Rape,6
Ange,Rape,7
Puri,Rape,7
Corp,Rape,7
Bitz,Rape,4
Noda,Rape,6
Vora,Rape,6
Kono,Rape,9
Iman,Rape,8
Janz,Rape,8
Cort,Rape,10
Rufo,Rape,9
Such,Rape,6
Duhe,Rape,7
Riha,Leap,12
Greb,Riha,8
Fama,Riha,8
Konz,Riha,7
Mian,Riha,7
Quay,Riha,6
Boen,Riha,7
Nedd,Riha,7
Geil,Riha,8
Leng,Leap,12
Sime,Leng,10
Sall,Leng,8
Saum,Leng,9
Zima,Leng,9
Jama,Leng,8
Hing,Leng,8
Tash,Leng,9
Ates,Leng,8
Gang,Leng,8
Rita,Leng,7
Haye,Leng,3
Joel,Leng,10
Taha,Leng,9
Garn,Leng,8
Haff,Leng,5
Kick,Leng,3
Akey,Leng,3
Eick,Leng,7
Kurt,Leng,9
Zuck,Leng,10
Roig,Leng,9
Amer,Leng,7
Kort,Leng,4
Paro,Leap,7
Koga,Leap,9
Lian,Leap,7
Saar,Leap,6
Down,Leap,6
Noor,Leap,6
Gude,Leap,6
Nora,Leap,4
Raso,Leap,8
Dahn,Leap,7
Loux,Leap,7
Folz,Leap,8
Fino,Leap,7
Kotz,Leap,4
Kyte,Leap,7
Lard,Leap,7
Brum,Leap,7
Hora,Leap,5
Leer,Leap,8
Neto,Leap,7
Gebo,Leap,6
Kuan,Leap,7
Hamp,Kurt,10
Gade,Kurt,4
Kubo,Leap,12
Rask,Kubo,10
Riva,Kubo,7
Slye,Kubo,7
Deak,Kubo,6
Boor,Kubo,5
Hase,Kubo,4
Joye,Kubo,6
Fail,Kubo,6
Bahn,Kubo,7
Palo,Kubo,7
Cech,Kubo,10
Hsia,Kubo,10
Joos,Kubo,8
Lill,Kubo,9
Coad,Kubo,9
Junk,Kubo,8
Leno,Kubo,8
Well,Kubo,8
Craw,Kubo,3
Alix,Leap,15
Duer,Teng,11
Reay,Duer,5
Teti,Duer,11
Halm,Teti,14
Klar,Teti,8
Raju,Teti,9
Bhat,Teti,8
Pupo,Teti,8
Span,Teti,5
Sgro,Teti,5
Amor,Teti,8
Harm,Teti,10
Egge,Teti,8
Hust,Teti,12
Oler,Teti,7
Kist,Teti,6
Seib,Teti,6
Happ,Teti,6
Buys,Teti,5
Gaut,Teti,7
Kuta,Teti,9
Kaya,Teti,8
Lopp,Teti,5
Merk,Teti,11
Bail,Teti,7
Oser,Teti,6
Resh,Duer,12
Ater,Resh,11
Brod,Resh,6
Lies,Resh,8
Like,Resh,7
Hout,Resh,7
Kaba,Resh,9
Beno,Resh,8
Toye,Resh,6
Liou,Resh,4
Peil,Resh,4
Bole,Resh,5
Feit,Resh,6
Kock,Resh,6
Koth,Resh,5
Viar,Resh,6
Jani,Resh,7
Seip,Resh,8
Figg,Resh,10
Kuch,Resh,6
Been,Resh,13
Lade,Resh,7
Yule,Resh,2
Faux,Resh,3
Gail,Resh,3
Brea,Resh,2
Pelc,Resh,4
Dena,Resh,2
Moul,Resh,3
Warn,Resh,6
Imai,Resh,7
Para,Resh,6
Saks,Resh,2
Ando,Resh,2
Cail,Resh,3
Monn,Resh,2
Sitz,Resh,7
Wenk,Resh,4
Gohl,Resh,5
Koob,Resh,4
Heit,Resh,2
Pitz,Resh,10
Glad,Resh,3
Alls,Resh,3
Sipp,Resh,3
Tham,Resh,4
Trew,Resh,4
Blay,Resh,6
Baus,Resh,6
Salt,Resh,8
Kuhr,Resh,4
Enns,Resh,4
Vise,Resh,2
Stoy,Resh,4
Luth,Resh,7
Ruse,Resh,3
Ertl,Resh,3
Orso,Resh,5
Kawa,Resh,4
Coit,Resh,8
Wyer,Resh,9
Jans,Resh,5
Ryon,Resh,1
Basa,Resh,7
Inda,Resh,9
Almy,Resh,1
Seel,Duer,10
Tony,Seel,13
Kube,Seel,8
Neis,Seel,8
Gosa,Seel,10
Orem,Seel,8
Suen,Duer,10
Uren,Suen,11
Lady,Suen,5
Agar,Suen,6
Diab,Suen,4
Lins,Suen,10
Clum,Suen,6
Over,Suen,6
Patz,Suen,11
Lyne,Suen,11
Worm,Suen,5
Ryle,Suen,4
Ehle,Suen,8
Neth,Suen,9
Cart,Suen,6
Dass,Suen,6
Hert,Suen,7
Sohl,Suen,13
Abed,Duer,10
Marc,Abed,6
Awan,Duer,8
Heyl,Awan,6
Kara,Awan,8
Agin,Awan,7
Igoe,Duer,12
Saye,Igoe,10
Kumm,Igoe,10
Fass,Igoe,7
Jong,Igoe,10
Show,Igoe,10
Dora,Igoe,7
Seid,Igoe,6
Begg,Teng,18
Paff,Begg,11
Poth,Paff,8
Ruda,Paff,8
Puff,Paff,6
Miao,Paff,7
Orsi,Paff,6
Pais,Begg,10
Susi,Pais,13
Zipp,Pais,7
Rehn,Pais,7
Amir,Pais,10
Bong,Pais,8
Urie,Pais,6
Mody,Pais,6
Sevy,Begg,5
Suri,Teng,13
Bolz,Teng,11
Duan,Bolz,12
Gurr,Duan,8
Basu,Duan,11
Thon,Duan,7
Viau,Duan,8
Lull,Duan,10
Reta,Duan,8
Rugh,Duan,8
Buth,Duan,8
Laue,Duan,9
Pett,Duan,10
Birr,Duan,7
Ines,Duan,10
Sera,Duan,7
Ihle,Duan,9
Loth,Duan,8
Esau,King,11
Behl,Esau,12
Fury,Esau,9
Pyke,Fury,7
Tepe,Fury,6
Test,Fury,6
Hopf,Fury,6
Mohs,Esau,8
Lala,Mohs,7
Mone,Mohs,6
Irey,Mohs,5
Nhan,Mohs,6
Tram,Mohs,5
Yano,Mohs,6
Salm,Esau,4
Carn,Esau,7
Bera,Carn,5
Lick,Carn,4
Leja,Carn,6
Cobo,Carn,5
Emma,Carn,4
Muff,Esau,8
Fate,Muff,9
Oder,Muff,7
Racz,Muff,6
Kuba,Esau,8
Mino,Kuba,8
Mode,Kuba,8
Faas,Kuba,6
Ewan,Esau,6
Edel,Esau,5
Fane,Esau,8
Sabb,Fane,9
Mate,Fane,5
Naas,Fane,5
Poma,Fane,6
Sara,Fane,7
Zier,Esau,9
Elzy,Esau,10
Ewer,Elzy,9
Tito,Esau,8
Hick,Esau,11
Sult,Esau,12
Gohn,Esau,6
Hink,Esau,8
Nguy,Hink,8
Dohm,Hink,6
Okun,Esau,9
Galo,Esau,10
Pelz,Esau,4
Hyre,Esau,10
Gull,Hyre,7
Saab,Hyre,7
Boal,Esau,8
Eber,Esau,9
Elko,Eber,7
Jeff,Eber,7
Rill,Eber,12
Demo,Rill,8
Ares,Rill,6
Snay,Rill,7
Grab,Rill,6
Knab,Eber,8
Heth,Knab,9
Dold,Knab,6
Vena,Knab,6
Boze,Knab,7
Cera,Knab,7
Gala,Knab,5
Bero,Knab,7
Henk,Eber,10
Zapf,Eber,9
Arel,Zapf,8
Goen,Esau,14
Krey,Goen,10
Dies,Krey,8
Pait,Krey,4
Foth,Krey,6
Kram,Krey,5
Vigo,Krey,5
Aull,Krey,4
Enck,Krey,3
Fera,Krey,9
Jaso,Krey,7
Kobs,Krey,8
Mase,Krey,7
Doig,Krey,4
Izzi,Krey,5
Mees,Krey,6
Prak,Krey,4
Osei,Krey,15
Duch,Krey,7
Suit,Krey,7
Else,Krey,5
Leck,Krey,11
Safi,Krey,10
Danh,Krey,6
Ratz,Krey,6
Geno,Krey,9
Rega,Krey,9
Tata,Krey,4
Sahr,Krey,8
Heyn,Krey,9
Rund,Krey,7
Anna,Krey,9
Bibi,Krey,8
Coxe,Goen,12
Mohl,Coxe,8
Gehr,Coxe,10
Hier,Coxe,6
Baik,Coxe,8
Busa,Coxe,6
Hult,Coxe,5
Oats,Coxe,4
Arai,Coxe,7
Rinn,Coxe,4
Kazi,Coxe,4
Lena,Coxe,6
Bies,Coxe,8
Cord,Coxe,7
Gaff,Coxe,6
Marz,Esau,11
Miro,Marz,14
Shoe,Miro,6
Puhl,Esau,9
Lada,Puhl,5
Done,Hall,15
Coby,Done,13
Keep,Coby,16
Lion,Keep,15
Kath,Lion,7
Lego,Lion,10
Vold,Keep,6
Okon,Keep,10
Noce,Keep,14
Zins,Coby,11
Syme,Zins,5
Seed,Zins,10
Zoch,Seed,6
Soos,Seed,8
Vohs,Seed,11
Naff,Seed,7
Lenk,Seed,8
Azam,Seed,4
Bupp,Seed,9
Odeh,Zins,9
Pals,Odeh,8
Sais,Odeh,8
Sano,Odeh,7
Rump,Odeh,6
Asch,Odeh,6
Engh,Odeh,7
Ezzo,Odeh,9
Yahn,Odeh,7
Mihm,Zins,15
Leen,Zins,10
Ruge,Leen,8
Bari,Leen,12
Doom,Leen,10
Sura,Leen,11
Gess,Leen,7
Hoth,Leen,7
Linz,Leen,6
Rama,Leen,12
Boye,Leen,10
Dina,Leen,9
Beth,Leen,8
Byam,Leen,12
Opie,Zins,12
Carp,Zins,10
Gura,Zins,9
Wand,Gura,8
Koos,Gura,9
Novo,Gura,9
Olen,Gura,7
Roys,Zins,11
Rong,Zins,12
Hoon,Rong,7
Perz,Rong,9
Sada,Rong,8
Bina,Rong,7
Wims,Rong,8
Zent,Rong,8
Fata,Rong,8
Gorr,Zins,10
Zola,Zins,10
Dust,Zins,10
Gora,Zins,9
Kinn,Coby,4
Shor,Coby,10
Gaye,Coby,16
Kroh,Coby,9
Rodd,Coby,15
Seck,Rodd,5
Lemm,Coby,12
Zaki,Done,14
Cala,Done,12
Less,Cala,11
Rota,Less,14
Aloi,Rota,4
Lana,Rota,10
Azua,Rota,7
Wnek,Rota,8
Zeck,Rota,11
Toor,Rota,10
Kehn,Less,10
Nard,Kehn,10
Onan,Kehn,7
Zenk,Kehn,7
Viel,Less,9
Emch,Viel,5
Deis,Viel,5
Zapp,Viel,8
Wool,Viel,6
Nine,Less,4
Riaz,Cala,12
Zahm,Riaz,9
Bedi,Zahm,9
Tuel,Zahm,7
Dyas,Zahm,7
Auth,Zahm,7
Bahm,Zahm,8
Brue,Zahm,6
Morr,Zahm,6
Fuhs,Zahm,8
Peat,Zahm,5
Barg,Zahm,11
Inks,Zahm,7
Bame,Riaz,13
Galt,Cala,10
Vath,Cala,14
Both,Vath,5
Hehn,Vath,9
Eble,Hehn,7
Opel,Raco,7
Roch,Vath,10
Dady,Roch,4
Vana,Roch,10
Wnuk,Roch,7
Boas,Roch,5
Mish,Roch,6
Vitt,Roch,4
Honn,Roch,5
Poch,Roch,5
Rain,Roch,9
Vien,Roch,6
Zurn,Roch,6
Hoop,Roch,6
Pote,Vath,10
Cara,Vath,11
Bald,Cara,4
Boom,Cara,7
Leep,Cara,6
Simo,Cara,8
Wain,Cara,7
Fors,Cara,6
Katt,Cara,9
Kimm,Cara,7
Vial,Cara,5
Virk,Cara,5
Faro,Cara,9
Hagg,Cara,6
Rave,Cara,6
Uher,Cara,11
Arzu,Cara,12
Baun,Cara,1
Dunk,Cala,11
Rial,Dunk,10
Varn,Rial,4
Azad,Rial,9
Arif,Rial,8
Cuda,Rial,4
Ludy,Dunk,11
Mahl,Ludy,9
Rady,Ludy,10
Turi,Dunk,5
Babu,Cala,5
Soma,Cala,12
Orea,Soma,12
Ress,Soma,6
Snee,Cala,13
Kaus,Snee,13
Rohl,Kaus,12
Tosi,Kaus,5
Asad,Kaus,8
Duva,Kaus,8
Eury,Kaus,9
Giza,Kaus,7
Witz,Kaus,11
Tani,Kaus,9
Cava,Kaus,8
Emry,Kaus,7
Kary,Kaus,11
Ohrt,Kaus,7
Sima,Kaus,12
Diop,Kaus,9
Doke,Kaus,8
Leva,Kaus,8
Lias,Kaus,10
Mayr,Kaus,6
Taul,Kaus,7
Gere,Kaus,8
Pong,Kaus,11
Iden,Kaus,10
Aird,Kaus,6
Goon,Kaus,7
Biss,Kaus,10
Fees,Kaus,6
Hauf,Kaus,6
Yagi,Kaus,9
Auch,Kaus,6
Ruhe,Snee,12
Stan,Ruhe,9
Jake,Ruhe,13
Neas,Ruhe,6
Walp,Ruhe,7
Ales,Ruhe,6
Chum,Ruhe,8
Roda,Ruhe,4
Nipp,Ruhe,6
Nast,Ruhe,5
Ryer,Ruhe,8
Wayt,Ruhe,12
Codd,Ruhe,7
Tagg,Ruhe,7
Gaal,Ruhe,7
Muha,Ruhe,5
Crea,Ruhe,8
Doub,Ruhe,5
Waye,Ruhe,6
Droz,Ruhe,8
Venn,Ruhe,10
Kita,Ruhe,6
Bunk,Ruhe,6
Donn,Ruhe,6
Dain,Ruhe,5
Dais,Ruhe,5
Edds,Ruhe,6
Sees,Ruhe,5
Genz,Ruhe,7
Hire,Ruhe,5
Kolp,Ruhe,5
Depp,Ruhe,5
Tift,Ruhe,7
Lann,Ruhe,4
Mouw,Ruhe,10
Amyx,Ruhe,7
Dona,Ruhe,7
Dory,Ruhe,7
Emge,Ruhe,5
Auge,Ruhe,8
Nyce,Ruhe,9
Pich,Ruhe,8
Zeis,Ruhe,6
Rigo,Ruhe,5
Dumm,Ruhe,8
Moes,Ruhe,8
Boda,Ruhe,8
Lank,Ruhe,5
Kray,Ruhe,8
Naab,Ruhe,6
Hoot,Ruhe,7
Mona,Ruhe,6
Muhs,Ruhe,6
Tino,Ruhe,10
Dose,Ruhe,9
Tacy,Ruhe,5
Neeb,Ruhe,7
Valk,Ruhe,8
Burl,Ruhe,7
Cina,Ruhe,7
Dubs,Ruhe,7
Peri,Ruhe,7
Lawn,Ruhe,8
Szot,Ruhe,7
Fels,Ruhe,8
Dues,Ruhe,8
Pion,Ruhe,9
Keir,Ruhe,6
Nole,Ruhe,5
Pole,Ruhe,5
Bren,Ruhe,5
Devi,Ruhe,8
Dine,Ruhe,5
Jeng,Ruhe,7
Shon,Ruhe,8
Plew,Ruhe,5
Saur,Ruhe,6
Boza,Ruhe,7
Peru,Ruhe,6
Baar,Ruhe,6
Espe,Ruhe,5
Lare,Ruhe,6
Rhew,Ruhe,5
Wack,Ruhe,5
Char,Ruhe,5
Slee,Ruhe,6
Buza,Ruhe,5
Rike,Ruhe,5
Haft,Ruhe,6
Haid,Ruhe,8
Fake,Ruhe,4
Ritt,Ruhe,4
Wolz,Ruhe,6
Nagi,Ruhe,4
Alto,Ruhe,4
Arlt,Ruhe,10
Muns,Snee,9
Tusa,Burr,12
Ueda,Burr,6
Zuno,Burr,6
Dino,Burr,8
Gort,Burr,9
Chim,Snee,3
Jaye,Cala,12
Kjos,Done,10
Sago,Done,13
Dano,Sago,5
Daul,Sago,11
Lyde,Daul,5
Olan,Daul,11
Wach,Olan,1
Latu,Olan,1
Odem,Olan,1
Rado,Olan,1
Idol,Olan,1
Welp,Olan,1
Care,Olan,1
Holy,Olan,1
Kieu,Olan,1
Uthe,Olan,1
Mood,Done,16
Nill,Mood,10
Tobe,Mood,13
Zale,Tobe,9
Korf,Mood,13
Buel,Korf,10
Efaw,Buel,11
Skog,Buel,6
Bega,Buel,9
Haut,Buel,8
Lata,Buel,6
Hemp,Buel,6
Hren,Buel,6
Oien,Buel,6
Dorf,Buel,8
Esco,Buel,6
Vink,Buel,8
Jane,Buel,7
Nery,Buel,7
Ades,Buel,8
Baza,Korf,12
Bern,Baza,9
Stay,Baza,7
Tuft,Korf,11
Nute,Tuft,12
Delo,Korf,13
Dier,Delo,7
Ihde,Delo,8
Rang,Delo,6
Yell,Korf,10
Zeek,Yell,9
Deon,Yell,12
Lepp,Yell,7
Geng,Yell,7
Bodi,Yell,10
Hugg,Yell,8
Renk,Yell,7
Weik,Yell,6
Band,Yell,6
Laur,Yell,7
Evon,Yell,10
Ensz,Yell,9
Naso,Yell,8
Comp,Yell,8
Hori,Yell,10
Welz,Yell,6
Riso,Yell,8
Solo,Yell,5
Vona,Yell,5
Selk,Korf,9
Bois,Selk,7
Brin,Witz,8
Kobe,Witz,7
Rack,Witz,9
Cham,Witz,8
Klim,Witz,5
Poag,Witz,7
Boak,Witz,8
Feig,Witz,6
Jens,Korf,9
Lege,Jens,9
Dace,Jens,7
Drey,Jens,5
Haen,Jens,7
Kone,Jens,8
Acre,Jens,7
Bein,Jens,5
Pott,Korf,5
Heun,Mood,11
Gest,Mood,10
Boyt,Mood,15
Enge,Mood,14
Flis,Mood,5
Albo,Done,14
Sick,Albo,12
Boys,Sick,5
Sami,Sick,9
Bosh,Sick,13
Entz,Sick,9
Mogg,Sick,13
Jahr,Mogg,8
Joss,Mogg,12
Siri,Mogg,10
Tesh,Mogg,6
Veno,Mogg,8
Lois,Mogg,8
Roen,Sick,12
Abee,Sick,9
Latz,Albo,11
Pilz,Latz,8
Samp,Latz,9
Shad,Albo,10
Aros,Shad,4
Bryk,Shad,8
Grad,Shad,7
Leid,Shad,8
Tuff,Albo,10
Serr,Tuff,8
Arth,Tuff,7
Lule,Tuff,10
Reim,Albo,10
Rhue,Reim,6
Wyne,Reim,8
Bene,Reim,7
Roat,Reim,7
Braz,Reim,8
Paye,Done,11
Fehl,Paye,12
Fogt,Fehl,1
Pihl,Fehl,1
Enke,Fehl,1
Guhl,Fehl,1
Rung,Fehl,1
Aven,Fehl,1
Elks,Fehl,1
Lean,Fehl,1
Ngan,Fehl,1
Obey,Fehl,1
Radu,Fehl,1
Full,Fehl,1
Mess,Fehl,1
Rief,Paye,9
Sane,Rief,9
Bram,Paye,5
Cupo,Done,10
Nack,Done,12
Base,Nack,5
Shiu,Nack,11
Weck,Shiu,8
Blye,Nack,9
Kyer,Nack,13
Lose,Nack,12
Hana,Nack,18
Paar,Hana,8
Slim,Hana,7
Golz,Hana,7
Blew,Hana,7
Ripa,Nack,10
Code,Ripa,9
Pore,Ripa,8
Raup,Pore,6
Soon,Nack,10
Gola,Nack,10
Mazo,Gola,13
Debo,Gola,12
Krok,Gola,8
Humm,Nack,7
Brom,Hall,13
Fico,Brom,11
Keef,Fico,8
Rani,Fico,16
Tsou,Fico,10
Boot,Fico,6
Roza,Brom,7
Duey,Brom,13
Meer,Duey,16
Rhem,Meer,6
Ulsh,Meer,12
Cura,Meer,13
Kall,Duey,6
Kloc,Duey,9
Qazi,Duey,9
Rach,Qazi,9
Sida,Qazi,6
Aris,Qazi,9
Cira,Duey,10
Xing,Cira,9
Zeeb,Cira,8
Baxa,Cira,1
Gehm,Duey,13
Tsoi,Gehm,8
Baye,Gehm,5
Loan,Brom,11
Sean,Loan,5
Lavy,Loan,11
Muma,Lavy,13
Coin,Muma,9
Frie,Muma,8
Lupe,Muma,3
Mura,Lavy,9
Zara,Lavy,15
Manu,Loan,12
Hett,Manu,10
Tamm,Manu,9
Bour,Tamm,9
Haji,Tamm,8
Mola,Loan,11
Mont,Mola,13
Nola,Mont,7
Blan,Mola,13
Dack,Loan,12
Goar,Dack,8
Howk,Brom,15
Chay,Howk,13
Erie,Chay,4
Hoit,Chay,8
Reap,Chay,9
Kehm,Chay,8
Mies,Howk,13
Mech,Mies,15
Bake,Mies,11
Inoa,Bake,6
Okey,Howk,4
Cush,Howk,10
Muhr,Cush,11
Biro,Cush,5
Kari,Brom,11
Zyla,Brom,10
Dern,Zyla,8
Igou,Zyla,8
Sari,Zyla,14
Urey,Zyla,9
Bort,Urey,4
Toso,Zyla,4
Fait,Brom,10
Reff,Fait,4
Wurz,Fait,10
Hime,Fait,9
Raap,Hime,5
Ramp,Hime,7
Mais,Fait,10
Seat,Fait,8
Gell,Brom,14
Inch,Gell,4
Soll,Gell,5
Kant,Gell,8
Nead,Gell,14
Soja,Nead,8
Vint,Hall,16
Cwik,Vint,20
Mank,Cwik,12
Vian,Cwik,11
Dohn,Vint,12
Meda,Dohn,10
Myre,Meda,3
Rueb,Dohn,4
Pall,Dohn,4
Sahm,Dohn,13
Spak,Sahm,5
Goth,Dohn,11
Stum,Dohn,17
Uram,Vint,16
Vane,Uram,10
Iams,Vane,10
Lynk,Iams,12
Swab,Iams,10
Maia,Vane,4
Meno,Uram,10
Pini,Meno,9
Ruta,Pini,9
Enis,Swab,9
Kosa,Meno,8
Trow,Meno,11
Bady,Trow,10
Cuen,Meno,11
Guzy,Cuen,11
Ondo,Cuen,5
Cove,Cuen,8
Nolf,Cuen,6
Susa,Cuen,6
Teta,Cuen,10
Arps,Uram,6
Dome,Vint,6
Goya,Vint,13
Srey,Goya,13
Sirk,Srey,17
Coey,Sirk,8
Mato,Sirk,10
Much,Srey,10
Soda,Much,8
Abts,Srey,12
Suto,Abts,13
Aley,Goya,6
Kerl,Goya,15
Retz,Kerl,11
Asif,Kerl,10
Laye,Asif,10
Moad,Asif,9
Addo,Asif,7
Moog,Asif,6
Cong,Asif,13
Miko,Asif,8
Thum,Kerl,11
Tupa,Kerl,9
Dato,Tupa,12
Maka,Tupa,6
Bree,Tupa,7
Saal,Tupa,6
Zarr,Tupa,7
Motl,Kerl,12
Abid,Motl,8
Acey,Motl,7
Crye,Motl,9
Kolk,Motl,10
Obie,Motl,8
Dada,Motl,9
Nase,Motl,7
Shed,Motl,9
Ilic,Motl,7
Sama,Motl,8
Zank,Motl,10
Bagg,Motl,7
Byrn,Motl,9
Alms,Motl,4
Ayub,Goya,8
Brem,Goya,10
Dini,Brem,6
Andy,Brem,8
Bali,Brem,7
Lemp,Brem,7
Seek,Brem,6
Yake,Brem,6
Booe,Brem,7
Enix,Brem,6
Lupi,Brem,5
Pehl,Goya,11
Rion,Goya,5
Duba,Goya,14
Ebbs,Duba,6
Goda,Goya,9
Iser,Goya,10
Smet,Iser,4
Casa,Iser,8
Hata,Iser,9
Budz,Iser,8
Liew,Iser,7
Alig,Goya,5
Limb,Vint,12
Nong,Limb,7
Beus,Limb,8
Vite,Limb,13
Ayre,Vite,9
Lide,Vite,5
Luka,Limb,5
Sooy,Limb,11
Axel,Vint,10
Czyz,Vint,10
Shek,Czyz,7
Daus,Czyz,9
Gras,Czyz,6
Horr,Czyz,7
Remo,Czyz,8
Smid,Czyz,7
Cott,Czyz,9
Fero,Czyz,3
Houp,Czyz,8
Wiss,Czyz,5
Kalk,Vint,10
Liem,Kalk,11
Loor,Kalk,8
Moan,Kalk,8
Obst,Hall,17
Teat,Obst,11
Prus,Teat,4
Sigg,Teat,14
Zysk,Sigg,10
Agha,Zysk,6
Aung,Zysk,11
Fahl,Zysk,6
Hadi,Zysk,9
Seif,Zysk,7
Bria,Zysk,9
Lumb,Zysk,7
Ning,Zysk,7
Tays,Zysk,11
Date,Sigg,11
Dort,Date,10
Napp,Date,7
Thew,Date,9
Geck,Date,11
Kuns,Date,8
Ravi,Date,6
Hari,Date,8
Sham,Date,10
Voge,Date,10
Dost,Date,7
Gohr,Date,8
Kivi,Date,9
Nina,Date,7
Soth,Date,10
Bobe,Date,9
Botz,Date,7
Smay,Date,9
Gamm,Date,7
Hanf,Date,8
Deol,Date,7
Ertz,Date,9
Hoos,Date,9
Zhan,Date,7
Kuna,Date,10
Riek,Date,6
Zaun,Date,7
Anda,Date,7
Bodo,Date,10
Gach,Date,8
Goos,Date,11
Harl,Date,11
Huda,Date,8
Kise,Sigg,10
Fina,Kise,8
Flye,Kise,7
Inga,Kise,6
Meyn,Kise,6
Zenz,Kise,6
Frum,Kise,7
Glas,Kise,6
Many,Kise,11
Mezo,Kise,9
Risi,Kise,6
Netz,Kise,9
Enea,Kise,5
Kaas,Kise,12
Brix,Kise,6
Hind,Kise,7
Pula,Kise,10
Raad,Kise,12
Bute,Sigg,9
Imus,Bute,8
Arko,Bute,10
Calk,Bute,6
Erny,Bute,11
Life,Bute,8
Gabe,Bute,5
Boch,Bute,7
Eade,Bute,10
Gick,Bute,7
Kana,Bute,7
Booz,Bute,7
Fahr,Bute,6
Hejl,Bute,5
Koff,Bute,10
Kool,Bute,7
Loft,Bute,8
Pain,Bute,6
Zike,Bute,7
Desa,Bute,10
Esty,Bute,10
Akau,Bute,7
Jann,Bute,9
Lips,Bute,7
Wrye,Bute,6
Agne,Bute,8
Caya,Bute,9
Ceci,Bute,7
Coia,Bute,8
Dado,Bute,7
Laun,Bute,7
Poer,Bute,6
Wery,Bute,7
Cuny,Bute,8
Eary,Bute,6
Fiel,Bute,9
Endy,Bute,7
Flud,Bute,7
Nudo,Bute,13
Wied,Bute,10
Cima,Bute,10
Spaw,Bute,8
Celi,Bute,8
Crom,Sigg,4
Fill,Sigg,12
Gori,Fill,4
Thul,Fill,8
Datz,Fill,6
Ging,Fill,8
Maue,Fill,8
Moch,Fill,8
Naus,Fill,11
Tsay,Fill,9
Wetz,Fill,8
Krog,Fill,9
Tree,Fill,11
Tsan,Fill,11
Aime,Fill,7
Fahs,Fill,6
Faso,Fill,7
Prow,Fill,7
Obar,Fill,6
Cena,Fill,9
Cloe,Fill,6
Imig,Fill,7
Khoo,Fill,6
Hast,Fill,5
Mano,Fill,5
Naim,Fill,6
Ogas,Fill,7
Dieu,Fill,6
Gaby,Fill,9
Hehr,Fill,8
Hoda,Fill,8
Rise,Fill,11
Sawa,Fill,7
Bena,Fill,7
Gago,Fill,10
Nist,Fill,8
Bora,Fill,12
Cino,Fill,5
Pint,Sigg,10
Gath,Pint,10
Greg,Pint,5
Mein,Pint,11
Peto,Teat,11
Akel,Peto,7
Kanu,Peto,8
Boxx,Peto,8
Koby,Boxx,6
Rork,Peto,10
Welt,Rork,10
Boop,Rork,6
Isch,Rork,8
Menk,Teat,13
Cayo,Menk,11
Bolf,Cayo,8
Febo,Cayo,8
Lant,Cayo,8
Rijo,Cayo,8
Tomb,Cayo,6
Vent,Cayo,8
Fier,Cayo,7
Grew,Cayo,7
Sako,Cayo,15
Skok,Cayo,8
Kham,Cayo,7
Tess,Cayo,7
Vonk,Cayo,8
Gaba,Cayo,9
Gahr,Cayo,7
Kady,Cayo,7
Koci,Cayo,7
Lato,Cayo,7
Lyng,Cayo,11
Herl,Cayo,10
Simi,Cayo,8
Velo,Cayo,8
Bula,Cayo,8
Elza,Cayo,8
Vinh,Cayo,9
Posa,Cayo,8
Tish,Cayo,10
Ante,Cayo,8
Baio,Cayo,6
Kegg,Cayo,10
Pash,Cayo,9
Rann,Cayo,8
Stai,Cayo,8
Arne,Cayo,10
Brus,Cayo,7
Frix,Cayo,10
Gara,Cayo,8
Jing,Cayo,11
Vina,Cayo,7
Wion,Cayo,11
Fehn,Cayo,6
Hudy,Cayo,6
Ledo,Cayo,10
Reny,Menk,12
Hade,Reny,8
Heeg,Reny,7
Helf,Reny,5
Arns,Reny,9
Iida,Reny,8
Asta,Reny,8
Dura,Reny,8
Emel,Reny,8
Kyne,Reny,6
Rawl,Reny,7
Arya,Reny,6
Aton,Reny,8
Bors,Reny,10
Hach,Reny,9
Peth,Reny,8
Pyka,Reny,6
Sear,Reny,7
Ziff,Reny,6
Laib,Reny,9
Gahn,Reny,7
Nila,Reny,10
Moga,Reny,9
Nigg,Reny,7
Vrba,Reny,7
Bann,Reny,7
Gatt,Reny,7
Kauk,Menk,14
Kosh,Kauk,9
Lahm,Kauk,8
Prew,Kauk,7
Tine,Kauk,7
Faus,Kauk,9
Oley,Kauk,7
Ramo,Kauk,8
Rodi,Kauk,7
Ambs,Kauk,7
Boge,Kauk,8
Gera,Kauk,7
Lunz,Kauk,9
Bult,Kauk,7
Duma,Kauk,7
From,Kauk,9
Jabs,Kauk,8
Savo,Kauk,6
Wyke,Kauk,10
Blok,Kauk,9
Coye,Kauk,9
Duwe,Kauk,10
Kano,Kauk,9
Nied,Kauk,6
Riss,Kauk,7
Sava,Kauk,7
Veen,Kauk,7
Mako,Kauk,8
Mula,Kauk,6
Raum,Kauk,7
Seki,Kauk,7
Arts,Kauk,7
Lame,Kauk,8
Kudo,Kauk,7
Goes,Kauk,10
Misa,Kauk,6
Rauf,Kauk,6
Aase,Kauk,7
Biby,Kauk,10
Boso,Kauk,9
Guck,Kauk,6
Lurz,Kauk,10
Shur,Kauk,10
Tole,Kauk,7
Bano,Kauk,6
Elmi,Kauk,9
Koke,Kauk,10
Todt,Kauk,7
Abbs,Kauk,7
Akre,Kauk,8
Cona,Kauk,8
Emde,Kauk,7
Lory,Kauk,9
Cada,Kauk,6
Loja,Kauk,11
Acri,Kauk,7
Clos,Kauk,6
Arca,Kauk,9
Hyle,Kauk,9
Rima,Kauk,8
Coar,Kauk,7
Saam,Kauk,9
Belo,Kauk,8
Dise,Kauk,8
Hoog,Kauk,7
Moat,Kauk,8
Reef,Kauk,7
Gisi,Kauk,7
Vert,Kauk,6
Laba,Kauk,10
Rias,Kauk,8
Ziel,Kauk,9
Yeck,Kauk,9
Grom,Kauk,7
Sare,Kauk,7
Baka,Kauk,7
Gair,Kauk,7
Hada,Kauk,7
Jago,Menk,9
Suon,Menk,7
Syms,Menk,7
Kope,Menk,7
Soli,Menk,8
Gene,Menk,7
Khim,Menk,9
Rase,Menk,5
Zipf,Menk,6
Deep,Menk,6
Fons,Menk,8
Gens,Menk,7
Hahm,Menk,6
Muhl,Menk,6
Yapp,Menk,13
Dagg,Menk,12
Deam,Menk,7
Fent,Menk,8
Gery,Menk,9
Kooi,Menk,7
Luma,Menk,8
Dhar,Menk,8
Fess,Menk,7
Heyd,Menk,8
Pont,Menk,10
Sann,Menk,8
Sigl,Menk,8
Meir,Menk,11
Zika,Menk,11
Huwe,Menk,8
Dugo,Menk,11
Roel,Menk,9
Ulin,Menk,10
Beel,Menk,12
Hetz,Menk,6
Jass,Menk,10
Menn,Menk,8
Niro,Menk,9
Sion,Menk,7
Teas,Menk,8
Orbe,Menk,7
Poke,Menk,9
Robl,Menk,7
Sarr,Menk,9
Suba,Menk,8
Waln,Menk,7
Fila,Menk,8
Lipa,Menk,8
Salz,Menk,6
Treu,Menk,8
Adee,Menk,8
Duro,Menk,7
Gory,Menk,8
Sopp,Menk,7
Zaro,Menk,7
Molt,Menk,7
Halt,Menk,7
July,Menk,9
Loll,Menk,8
Loso,Menk,9
Simm,Teat,11
Tara,Simm,16
Filo,Tara,9
Kjar,Tara,6
Yaun,Tara,12
Dirr,Tara,7
Gutt,Simm,11
Ogaz,Gutt,8
Dirk,Gutt,10
Egle,Gutt,8
Paci,Gutt,7
Rawe,Gutt,7
Pree,Viel,9
Rozo,Viel,1
Foil,Viel,1
Kren,Viel,1
Wyly,Viel,1
Zern,Viel,1
Bawa,Viel,1
Buri,Viel,1
Hiss,Obst,8
Jons,Obst,11
Keay,Jons,10
Alma,Keay,9
Heon,Alma,9
Camm,Alma,10
Gase,Alma,8
Lori,Alma,8
Mini,Alma,8
Lais,Alma,7
Ossa,Alma,4
Ozga,Alma,5
Fyke,Alma,7
Klus,Alma,6
Orne,Alma,11
Riga,Alma,6
Siek,Alma,12
Alvi,Alma,7
Busk,Alma,8
Kida,Alma,8
Kief,Alma,8
Luba,Alma,5
Maro,Keay,9
Reum,Maro,6
Ryce,Maro,7
Coda,Keay,5
Kina,Keay,11
Neat,Kina,9
Nest,Kina,5
Wyre,Kina,9
Baiz,Kina,6
Erne,Kina,7
Mozo,Jons,15
Pean,Mozo,4
Relf,Mozo,8
Rulo,Relf,8
Scow,Relf,7
Crus,Relf,6
Fils,Mozo,13
Krob,Mozo,11
Pyon,Krob,9
Byus,Krob,6
Duce,Krob,6
Lohn,Krob,7
Prum,Mozo,10
Ebey,Prum,8
Feck,Prum,8
Gali,Prum,8
Jory,Prum,9
Juba,Prum,7
Sheu,Prum,9
Nabi,Prum,5
Ruwe,Prum,6
Zuba,Prum,7
Agro,Prum,6
Kalt,Prum,6
Sans,Prum,9
Aina,Prum,7
Ator,Prum,6
Fini,Prum,5
Guza,Caro,7
Sein,Caro,8
Sieh,Caro,6
Claw,Mozo,8
Gahm,Claw,7
Mich,Claw,12
Dung,Claw,7
Ende,Claw,7
Kanz,Claw,7
Rihn,Claw,8
Beyl,Claw,6
Essa,Obst,11
Hidy,Essa,13
Wale,Hidy,1
Caul,Hidy,10
Glab,Caul,11
Hark,Caul,9
Hoek,Caul,7
Pola,Caul,9
Rens,Caul,11
Sian,Caul,8
Amie,Caul,8
Coor,Hidy,10
Luty,Coor,10
Rasp,Coor,7
Eroh,Coor,8
Osso,Hidy,11
Fede,Osso,4
Gums,Osso,10
Kett,Osso,8
Leys,Hidy,14
Nohr,Leys,10
Gapp,Leys,6
Pies,Leys,6
Zani,Leys,8
Binz,Leys,11
Coup,Essa,9
Gren,Coup,12
Hahs,Coup,11
Heeb,Coup,8
Wien,Essa,4
Asby,Essa,12
Bihm,Asby,8
Elek,Bihm,6
Keal,Bihm,7
Krus,Bihm,6
Lave,Bihm,6
Tupy,Bihm,6
Zens,Bihm,9
Alen,Bihm,6
Hirn,Bihm,6
Jian,Bihm,7
Kook,Bihm,6
Naef,Bihm,7
Piet,Bihm,7
Rail,Bihm,7
Luan,Bihm,7
Luhn,Bihm,5
Rane,Asby,9
Robe,Rane,8
Dede,Rane,9
Kama,Rane,7
Lace,Rane,9
Dire,Rane,10
Hoeg,Rane,7
Kien,Rane,8
Lovo,Rane,9
Raul,Rane,7
Roam,Rane,9
Toda,Rane,7
Alia,Rane,8
Sonn,Rane,7
Barz,Rane,9
Isla,Asby,7
Mamo,Asby,9
Nusz,Mamo,7
Viti,Mamo,11
Dani,Mamo,7
Derk,Mamo,9
Gegg,Mamo,7
Hell,Mamo,6
Meth,Mamo,7
Pear,Mamo,6
Beek,Mamo,8
Hemm,Mamo,7
Isip,Mamo,7
Chad,Mamo,7
Daun,Mamo,6
Madl,Mamo,8
Ninh,Mamo,7
Skov,Mamo,11
Zera,Mamo,7
Ayad,Mamo,7
Coba,Mamo,7
Dils,Mamo,8
Ehly,Mamo,8
Wagy,Mamo,6
Yust,Mamo,6
Pala,Mamo,7
Sens,Mamo,8
Anes,Mamo,6
Beza,Mamo,7
Daft,Asby,10
Dzik,Daft,7
Natt,Daft,7
Pere,Daft,7
Ryno,Daft,7
Smee,Daft,10
Bily,Daft,7
Kade,Daft,7
Naro,Daft,10
Nein,Daft,6
Wagg,Daft,7
Chap,Daft,7
Imam,Daft,8
Koep,Daft,6
Leza,Daft,7
Wege,Daft,9
Wish,Daft,7
Jubb,Daft,7
Lauf,Daft,7
Toya,Daft,11
Wank,Daft,7
Doto,Daft,8
Kint,Daft,6
Nycz,Asby,13
Wies,Nycz,9
Ozer,Nycz,6
Tola,Nycz,6
Egly,Nycz,7
Elem,Nycz,6
Fitt,Nycz,7
Juel,Nycz,7
Kala,Nycz,7
Krul,Nycz,10
Ueno,Nycz,8
Yoak,Nycz,7
Adel,Nycz,7
Chio,Nycz,9
Dara,Nycz,7
Doro,Nycz,9
Thau,Nycz,7
Wali,Nycz,6
Zill,Nycz,7
Gotz,Asby,7
Hoen,Asby,9
Hoes,Asby,8
Kata,Hoes,8
Rahl,Hoes,8
Reen,Hoes,6
Senk,Hoes,8
Mane,Hoes,7
Wich,Hoes,7
Mest,Hoes,8
Watz,Hoes,7
Loge,Hoes,11
Tout,Hoes,8
Zogg,Hoes,9
Giel,Hoes,7
Gumz,Hoes,8
Hons,Hoes,6
Romm,Hoes,7
Thal,Hoes,7
Flow,Hoes,7
Kasa,Hoes,7
Kirt,Hoes,9
Reeg,Hoes,7
Brau,Hoes,6
Kooy,Hoes,7
Locy,Hoes,7
Mand,Hoes,10
Pone,Asby,9
Stys,Pone,7
Broe,Pone,7
Buer,Pone,8
Cimo,Pone,7
Oyen,Pone,10
Uden,Pone,7
Yoss,Pone,6
Hehl,Pone,6
Swor,Pone,7
Nish,Pone,9
Face,Pone,7
Graw,Pone,7
Kage,Pone,9
Kley,Pone,7
Notz,Pone,9
Urgo,Pone,6
Komp,Pone,6
Lecy,Pone,6
Yero,Pone,8
Haub,Pone,6
Hula,Pone,6
Odor,Pone,8
Satz,Pone,7
Sorn,Pone,11
Hlad,Pone,6
Huge,Pone,6
Koba,Pone,8
Leyh,Pone,6
Orum,Pone,7
Tufo,Pone,6
Wilz,Pone,9
Foot,Asby,8
Pinn,Asby,8
Yore,Asby,6
Bata,Asby,11
Bebo,Asby,9
Pyun,Bebo,6
Kalp,Bebo,8
Kyes,Bebo,6
Nand,Bebo,5
Gipp,Bebo,5
Moyd,Bebo,7
Sebo,Bebo,5
Yott,Bebo,10
Bord,Bebo,6
Brys,Bebo,7
Mory,Bebo,7
Nier,Bebo,8
Prey,Bebo,8
Rody,Bebo,7
Vegh,Bebo,7
Fana,Bebo,7
Fram,Bebo,6
Hurm,Bebo,4
Tada,Bebo,5
Balz,Bebo,7
Bink,Bebo,6
Dyce,Bebo,4
Haze,Bebo,6
Toot,Bebo,9
Azer,Bebo,7
Bugh,Bebo,7
Waas,Bebo,5
Brye,Bebo,6
Dwan,Bebo,6
Ezra,Bebo,7
Khun,Bebo,6
Kota,Bebo,8
Letz,Bebo,5
Dile,Bebo,6
Diss,Bebo,6
Hush,Bebo,8
Krah,Essa,9
Nate,Krah,8
Broy,Nate,7
Houy,Nate,7
Name,Nate,9
Punt,Nate,8
Reas,Nate,6
Bido,Nate,10
Guba,Krah,8
Mago,Guba,10
Ohms,Krah,12
Oree,Ohms,7
Audi,Ohms,11
Gato,Ohms,10
Loma,Ohms,11
Whan,Krah,8
Wyka,Krah,7
Yahr,Krah,7
Peno,Krah,8
Reeh,Krah,10
Suss,Krah,8
Auen,Krah,1
Cake,Essa,11
Dase,Cake,8
Iten,Dase,7
Juda,Dase,9
Math,Dase,11
Milz,Cake,10
Sula,Milz,4
Urda,Milz,7
Halk,Milz,9
Hawe,Milz,8
Lich,Milz,7
Radi,Milz,11
Avon,Milz,11
Idle,Milz,9
Pipe,Milz,8
Werk,Milz,14
Wisz,Milz,11
Pant,Milz,8
Soun,Milz,8
Sump,Milz,8
Woon,Milz,7
Huet,Milz,8
Lupa,Milz,7
Reth,Milz,8
Roes,Milz,10
Yann,Milz,8
Antu,Cake,8
Dech,Antu,9
Drab,Antu,8
Kory,Antu,7
Mruk,Cake,9
Gomm,Mruk,7
Hold,Mruk,9
Dols,Mruk,7
Fetz,Mruk,7
Gaza,Mruk,8
Iwan,Mruk,10
Keas,Mruk,7
Lina,Mruk,7
Lodi,Mruk,8
Oran,Mruk,7
Rena,Mruk,7
Vari,Mruk,9
Zeff,Mruk,8
Alic,Mruk,9
Asai,Mruk,8
Baby,Mruk,11
Bihl,Mruk,11
Deeg,Mruk,11
Emme,Mruk,13
Juul,Mruk,8
Nuon,Mruk,8
Vaux,Cake,10
Anne,Vaux,7
Lope,Vaux,13
Porr,Vaux,11
Yett,Vaux,8
Babe,Vaux,8
Gilb,Vaux,10
Goga,Vaux,8
Hino,Vaux,7
Nabb,Vaux,7
Pann,Vaux,10
Pask,Vaux,13
Teem,Vaux,8
Tory,Cake,9
Bada,Tory,8
Igel,Tory,8
Labs,Tory,12
Purk,Tory,10
Rami,Tory,10
Tuch,Tory,14
Wirz,Tory,3
Boff,Cake,4
Dabb,Essa,11
Fust,Dabb,4
Gloe,Dabb,10
Kops,Gloe,9
Lahn,Gloe,8
Liaw,Gloe,13
Labo,Gloe,13
Nudd,Gloe,4
Ouch,Dabb,13
Sohm,Ouch,7
Vaid,Ouch,7
Aure,Ouch,8
Dacy,Ouch,7
Flam,Ouch,9
Nham,Ouch,7
Paup,Ouch,8
Zisa,Ouch,6
Axon,Ouch,7
Bako,Dabb,8
Ryen,Dabb,9
Vile,Dabb,9
Kitz,Kitz,9
Laza,Kitz,9
Lwin,Kitz,8
Riff,Kitz,8
Tech,Kitz,8
Aoun,Kitz,8
Erck,Kitz,8
Maga,Dabb,8
Rout,Maga,10
Senf,Maga,7
Want,Maga,8
Hetu,Maga,7
Hnat,Maga,7
Juma,Maga,7
Reha,Maga,6
Skop,Maga,7
Yogi,Maga,8
Elbe,Maga,9
Prem,Maga,9
Reek,Maga,7
Torr,Dabb,9
Yono,Dabb,9
Leeb,Essa,8
Lenn,Leeb,6
Pund,Essa,8
Boro,Pund,7
Fest,Pund,7
Fare,Essa,12
Game,Obst,11
Keng,Game,5
Proa,Game,15
Sade,Proa,9
Utke,Proa,11
Yera,Game,10
Apps,Yera,8
Eckl,Yera,11
Glod,Yera,11
Hasz,Yera,8
Kreh,Yera,9
Frid,Game,9
Pesa,Frid,9
Raus,Frid,9
Saso,Frid,10
Thaw,Frid,8
Tiso,Obst,14
Bees,Tiso,4
Erno,Tiso,11
Froh,Erno,9
Gane,Froh,11
Kras,Froh,7
Lobe,Froh,8
Nahm,Froh,11
Thun,Froh,8
Uhde,Froh,12
Uran,Froh,7
Behe,Froh,8
Bihn,Froh,12
Boeh,Froh,8
Eben,Froh,8
Esse,Erno,7
Haaf,Erno,10
Jech,Erno,9
Klas,Jech,13
Leth,Jech,7
Bian,Jech,7
Fohl,Jech,13
Liby,Jech,8
Tith,Jech,8
Coyt,Jech,12
Fano,Jech,8
Lumm,Erno,8
Nhem,Erno,11
Sahl,Nhem,11
Baab,Nhem,6
Iwen,Nhem,7
Tool,Nhem,7
Vary,Erno,4
Wroe,Tiso,10
Dury,Tiso,12
Kihn,Dury,12
Kydd,Tiso,10
Lupu,Tiso,16
Nary,Tiso,9
Njie,Obst,13
Tano,Njie,9
Gnau,Njie,9
Guia,Gnau,10
Vano,Gnau,7
Dosh,Gnau,8
Ence,Gnau,10
Haik,Gnau,11
Kuri,Gnau,8
Uhls,Gnau,8
Zuch,Gnau,6
Aydt,Gnau,7
Beed,Gnau,12
Curt,Njie,11
Denz,Curt,6
Dien,Curt,7
Emmi,Obst,10
Laut,Emmi,8
Nile,Laut,8
Toca,Laut,6
Ulep,Laut,8
Yarn,Emmi,12
Iott,Yarn,7
Plog,Yarn,9
Ucci,Yarn,8
Loui,Emmi,13
Umar,Loui,8
Anis,Loui,7
Bebb,Loui,9
Cata,Emmi,14
Wist,Cata,8
Bais,Wist,6
Duve,Wist,7
Edes,Wist,6
Hoof,Wist,7
Pata,Wist,6
Zody,Wist,6
Conk,Wist,6
Curb,Wist,7
Ferg,Wist,6
Ghan,Wist,6
Houg,Wist,6
Kaps,Wist,7
Naji,Wist,5
Poet,Wist,5
Rede,Cata,10
Sobh,Rede,7
Zoss,Rede,8
Aken,Rede,8
Deus,Rede,7
Dyes,Cata,9
Edin,Dyes,7
Hams,Dyes,10
Iwai,Cata,9
Nybo,Iwai,9
Urry,Iwai,7
Zich,Iwai,8
Cadd,Iwai,7
Chey,Iwai,5
Leif,Iwai,5
Neet,Iwai,6
Vala,Iwai,7
Fuge,Iwai,7
Haab,Iwai,9
Kaim,Iwai,10
Loup,Iwai,6
Chak,Iwai,11
Flak,Iwai,5
Jura,Iwai,5
Lask,Iwai,8
Alim,Iwai,9
Dume,Cata,8
Nori,Dume,11
Parm,Dume,9
Pisa,Dume,9
Spor,Dume,6
Cova,Dume,7
Drop,Dume,8
Keto,Dume,9
Krim,Dume,7
Masa,Cata,12
Ohta,Masa,6
Pipp,Masa,9
Saya,Masa,7
Sese,Masa,7
Vasa,Masa,8
Wurl,Cata,12
Zirk,Cata,6
Gerk,Cata,9
Jaen,Cata,8
Pynn,Jaen,8
Salk,Jaen,10
Sehr,Jaen,7
Sone,Jaen,6
Ulch,Jaen,8
Bary,Jaen,6
Cini,Jaen,5
Kalu,Jaen,5
Naba,Jaen,5
Tock,Luff,8
Ahlf,Luff,9
Kiff,Luff,9
Liff,Luff,6
Ogea,Luff,6
Sene,Luff,6
Alon,Luff,9
Door,Luff,10
Paco,Luff,8
Pert,Luff,7
Siem,Luff,7
Tuan,Luff,8
Vote,Luff,7
Buol,Emmi,12
Hira,Fard,6
Muni,Fard,7
Neef,Fard,6
Coro,Fard,6
Fard,Fard,8
Hatz,Emmi,12
Kelp,Obst,10
Rais,Kelp,16
Rogg,Rais,10
Torp,Rogg,7
Vero,Rogg,10
Wage,Rogg,6
Anno,Rogg,9
Asis,Rais,11
Azim,Asis,6
Bila,Rais,9
Ewin,Rais,11
Norr,Ewin,10
Shyu,Ewin,6
Thur,Ewin,7
Elmo,Ewin,5
Joki,Rais,9
Kess,Joki,6
Wiza,Joki,5
Azor,Joki,7
Colo,Joki,7
Cung,Joki,4
Fode,Kelp,12
Haby,Fode,7
Jiao,Fode,10
Ketz,Kelp,9
Kolo,Ketz,7
Mare,Kelp,11
Pase,Kelp,4
Pule,Kelp,7
Sana,Kelp,9
Turo,Kelp,10
Arbo,Kelp,10
Mita,Arbo,9
Sela,Arbo,12
Sien,Sela,7
Assi,Sela,8
Blad,Sela,7
Caza,Sela,8
Isho,Sela,8
Klym,Sela,5
Mawn,Arbo,8
Piva,Mawn,8
Rieg,Kelp,8
Zaid,Obst,11
Zant,Zaid,11
Cich,Zant,7
Deja,Zaid,9
Eike,Deja,7
Evey,Deja,9
Heye,Zaid,15
Mila,Heye,4
Mion,Heye,8
Ooms,Mion,6
Opal,Heye,12
Sani,Obst,12
Yoos,Obst,9
Boik,Yoos,4
Gaar,Obst,10
Kaid,Gaar,8
Niel,Kaid,9
Plas,Niel,12
Beld,Niel,7
Juno,Niel,5
Kido,Niel,6
Nuse,Niel,5
Spar,Niel,7
Buan,Niel,6
Drag,Niel,6
Kins,Niel,5
Kois,Niel,7
Lugg,Niel,9
Mews,Gaar,9
Ranz,Mews,8
Seno,Ranz,7
Sita,Ranz,6
Tota,Ranz,11
Wehe,Ranz,7
Yunk,Ranz,8
Girt,Ranz,7
Hupe,Mews,8
Mabb,Hupe,8
Miga,Hupe,3
Noth,Hupe,10
Rafi,Hupe,4
Plue,Hupe,4
Thie,Hupe,9
Buzo,Hupe,6
Hald,Hupe,8
Larr,Hupe,8
Navy,Hupe,6
Tams,Hupe,6
Vivo,Hupe,7
Zoto,Hupe,4
Fuse,Gaar,14
Gaub,Fuse,10
Losa,Fuse,9
Mady,Fuse,8
Ozog,Fuse,3
Sota,Fuse,7
Wais,Gaar,14
Buoy,Wais,12
Paty,Gaar,9
Piza,Paty,7
Army,Paty,6
Arnn,Paty,6
Hort,Paty,6
Pano,Paty,5
Adey,Paty,4
Maxa,Paty,8
Nese,Paty,7
Paes,Paty,8
Saka,Paty,1
Seta,Gaar,10
Sise,Seta,9
Void,Sise,8
Boie,Sise,6
Dary,Sise,7
Fank,Sise,8
Foyt,Sise,7
Fuda,Sise,6
Laos,Sise,6
Nork,Sise,6
Raun,Sise,6
Stas,Sise,8
Wean,Sise,10
Zand,Sise,6
Clar,Sise,7
Dize,Sise,7
Ewig,Sise,10
Ixta,Seta,9
Mael,Ixta,6
Nehl,Ixta,8
Teig,Seta,13
Toia,Seta,8
Voda,Toia,9
Daya,Toia,7
Pepi,Toia,7
Razi,Seta,10
Sawh,Razi,7
Worl,Razi,10
Knez,Razi,8
Lapa,Razi,8
Riba,Razi,6
Tenn,Razi,8
Arab,Razi,7
Pari,Razi,9
Reul,Razi,8
Roed,Razi,6
Wigg,Seta,4
Dott,Seta,9
Duel,Seta,6
Fire,Seta,9
Keon,Seta,8
Lene,Seta,9
Mery,Seta,10
Wead,Gaar,9
Zong,Obst,13
Cama,Zong,9
Cerf,Cama,9
Dalo,Cama,7
Debs,Cama,11
Heys,Cama,7
Klay,Cama,9
Noya,Zong,11
Paap,Noya,9
Puck,Noya,8
Roti,Noya,7
Topa,Zong,3
Tulk,Zong,9
Yoes,Zong,10
Cloy,Zong,8
Ferm,Cloy,10
Veon,Cloy,9
Abbo,Zong,9
Lehl,Abbo,9
Pimm,Lehl,7
Puno,Lehl,7
Rhen,Lehl,6
Abro,Lehl,6
Duka,Abbo,13
Glor,Abbo,8
Grun,Abbo,9
Hahl,Zong,9
Ifft,Hahl,7
Kibe,Hahl,6
Loff,Hahl,8
Qiao,Hahl,7
Spoo,Hahl,9
Zehm,Hahl,9
Zhai,Zehm,3
Agre,Hahl,6
Aita,Hahl,7
Dedo,Hahl,3
Etue,Hahl,7
Hees,Hahl,8
Kvam,Hahl,7
Mers,Obst,12
Mesh,Mers,10
Muri,Mesh,8
Rusu,Mesh,12
Cece,Rusu,11
Falu,Mesh,9
Haim,Mesh,10
Lime,Mers,13
Nilo,Mers,12
Tier,Mers,2
Veil,Mers,6
Zisk,Mers,2
Bava,Mers,4
Byle,Mers,5
Dush,Mers,2
Kiah,Mers,4
Kine,Mers,10
Loga,Kine,6
Palu,Kine,6
Biba,Kine,5
Chue,Kine,10
Faga,Kine,6
Fago,Kine,6
Guha,Mers,5
Husa,Mers,12
Kurk,Mers,8
Lief,Kurk,7
Puro,Kurk,7
Baro,Kurk,8
Genn,Mers,12
Ghio,Genn,4
Hinh,Genn,9
Milk,Hinh,8
Puza,Hinh,5
Voce,Genn,7
Zeni,Genn,6
Beat,Genn,6
Hoad,Genn,6
Nour,Genn,7
Sule,Kool,11
Cuna,Kool,7
Dobb,Kool,6
Hadd,Kool,5
Kagy,Kool,6
Lavi,Kool,6
Raco,Genn,8
Suer,Hall,13
Tise,Suer,11
Cink,Tise,10
Illg,Cink,4
Rear,Tise,5
Semo,Tise,12
Siva,Semo,8
Ways,Tise,12
Yago,Ways,12
Garl,Ways,12
Gima,Tise,7
Nimz,Suer,11
Vigh,Nimz,5
Cran,Nimz,14
Fara,Hall,6
Farb,Hall,17
Gire,Farb,4
Hayn,Farb,12
Hext,Hayn,11
Hron,Hayn,11
Hyon,Hayn,11
Meka,Farb,10
Mitz,Meka,9
Pach,Meka,9
Rawn,Meka,11
Reus,Farb,7
Bajo,Hall,18
Berl,Bajo,12
Clah,Berl,8
Gaur,Berl,15
Kuka,Gaur,4
Laso,Berl,13
Loke,Berl,8
Pale,Berl,15
Rygh,Berl,10
Thoe,Bajo,11
Tina,Thoe,10
Tula,Tina,8
Bett,Thoe,5
Depa,Thoe,10
Josh,Bajo,8
Mean,Bajo,13
Zube,Mean,6
Albu,Mean,8
Aney,Mean,11
Arra,Mean,14
Bras,Mean,5
Houx,Mean,9
Uhle,Bajo,17
Week,Uhle,10
Aleo,Uhle,4
Auck,Bajo,9
Enes,Auck,8
