Id,Country,Category,Region,Level
Milo,USA,D,APAC,5
Hall,VNM,D,APAC,2
Geno,VNM,F,APAC,5
Rega,VNM,D,APAC,5
Tata,VNM,D,APAC,5
King,USA,C,NA,1
Hill,USA,C,NA,2
Chen,USA,D,NA,4
Reid,USA,D,NA,4
Wong,USA,D,NA,5
Pena,USA,D,NA,4
Holt,USA,C,NA,3
Neal,USA,D,NA,3
Hale,USA,D,NA,4
Park,USA,D,NA,4
Yang,USA,D,NA,3
Paul,USA,D,NA,4
Pope,USA,D,NA,5
Owen,USA,D,NA,5
Pham,USA,D,NA,5
Lang,USA,K,NA,5
Lara,USA,D,NA,5
Lamb,USA,D,NA,5
Cain,USA,D,NA,5
Hess,USA,D,NA,5
Roth,USA,D,NA,5
Wall,USA,D,NA,5
Bass,USA,D,NA,5
Kirk,USA,D,NA,4
Horn,USA,D,NA,5
York,USA,D,NA,4
Nash,USA,D,NA,4
Bond,USA,D,NA,5
Kane,USA,D,NA,5
Berg,USA,D,NA,5
Rich,USA,D,NA,5
Koch,USA,D,NA,4
Ware,USA,D,NA,4
Dyer,USA,D,NA,4
Clay,USA,D,NA,5
Snow,USA,D,NA,5
Kemp,USA,D,NA,5
Knox,USA,D,NA,5
Kerr,USA,D,NA,5
Kent,USA,D,NA,4
Buck,USA,D,NA,5
Barr,USA,D,NA,5
Moon,USA,D,NA,5
Hull,USA,D,NA,5
Mora,USA,D,NA,5
Howe,USA,D,NA,4
Peck,USA,D,NA,4
Pace,USA,D,NA,3
Mays,USA,C,NA,2
Case,USA,C,NA,3
Pugh,USA,D,NA,3
Hahn,USA,D,NA,4
Shah,USA,D,NA,4
Meza,USA,D,NA,5
Rush,USA,D,NA,5
Bean,USA,D,NA,5
Lynn,USA,D,NA,4
Best,USA,D,NA,5
Sosa,USA,D,NA,5
Frye,USA,D,NA,4
Choi,USA,D,NA,4
Levy,USA,D,NA,5
Mata,USA,D,NA,5
Bray,USA,D,NA,5
Haas,USA,D,NA,4
Bird,USA,D,NA,5
Duke,USA,D,NA,5
Odom,USA,D,NA,5
Hays,USA,D,NA,5
Mayo,USA,D,NA,5
Frey,USA,D,NA,5
Vang,USA,D,NA,5
Shea,USA,D,NA,5
Lutz,USA,D,NA,5
Kidd,USA,D,NA,5
Goff,USA,D,NA,5
Witt,USA,D,NA,5
Lake,USA,D,NA,5
Katz,USA,D,NA,5
Daly,USA,D,NA,5
Kuhn,USA,D,NA,5
Dodd,USA,D,NA,5
Camp,USA,0,NA,5
Lugo,USA,D,NA,5
Dale,USA,D,NA,5
Pate,USA,D,NA,5
Hyde,USA,D,NA,5
Cash,USA,D,NA,5
Fink,USA,D,NA,5
Noel,USA,D,NA,5
Rosa,USA,D,NA,5
Leal,USA,D,NA,5
Wynn,USA,D,NA,5
John,USA,D,NA,5
Kern,USA,D,NA,5
Lyon,USA,D,NA,5
Head,USA,D,NA,5
Cano,USA,D,NA,5
Phan,USA,D,NA,5
Nava,USA,D,NA,5
Hamm,USA,D,NA,5
Pike,USA,F,NA,5
Chin,USA,D,NA,5
Burt,USA,D,NA,5
Goss,USA,0,NA,5
Tang,USA,D,NA,5
Polk,USA,0,NA,5
Lott,USA,D,NA,5
Fish,USA,D,NA,5
Baca,USA,D,NA,5
Vera,USA,D,NA,5
Gore,USA,D,NA,5
Funk,USA,D,NA,5
Hong,USA,D,NA,5
Lund,USA,D,NA,5
Kang,USA,D,NA,5
Lord,USA,D,NA,5
Post,USA,D,NA,5
Crow,USA,D,NA,5
Self,USA,D,NA,5
Amos,USA,D,NA,5
Drew,USA,D,NA,5
Burr,USA,D,NA,4
Wray,USA,D,NA,5
Nunn,USA,D,NA,5
Vann,USA,D,NA,5
Kahn,USA,D,NA,5
Conn,USA,D,NA,5
Meek,USA,D,NA,5
Lind,USA,D,NA,5
Mena,USA,D,NA,5
Rudd,USA,D,NA,5
Dove,USA,D,NA,5
Dent,USA,D,NA,5
Ogle,USA,D,NA,5
Vick,USA,D,NA,5
High,USA,A,NA,5
Beam,USA,D,NA,5
Pool,USA,D,NA,5
Will,USA,D,NA,5
Hook,USA,D,NA,5
Culp,USA,D,NA,5
Hein,USA,D,NA,5
Ceja,USA,D,NA,5
Sisk,USA,D,NA,5
Linn,USA,D,NA,5
Lusk,USA,D,NA,5
Mace,USA,D,NA,5
Carl,USA,D,NA,5
Cary,USA,D,NA,5
Mize,USA,D,NA,5
Dinh,USA,D,NA,5
Rust,USA,D,NA,5
Hite,USA,D,NA,5
Vail,USA,K,NA,5
Huey,USA,D,NA,4
Tice,USA,P,NA,5
Alba,USA,P,NA,5
Cohn,USA,P,NA,5
Cone,USA,P,NA,5
Moua,USA,P,NA,5
Legg,USA,P,NA,5
Free,USA,P,NA,5
Tuck,USA,P,NA,5
Pino,USA,P,NA,5
Haag,USA,P,NA,5
Luce,USA,P,NA,5
Buss,USA,P,NA,5
Weis,USA,P,NA,5
Maas,USA,P,NA,5
Kwon,USA,P,NA,5
Marx,USA,P,NA,5
Bohn,USA,P,NA,5
Cota,USA,P,NA,5
Gall,USA,D,NA,5
Sipe,USA,D,NA,3
Tapp,USA,D,NA,4
Klug,USA,D,NA,4
Muro,USA,D,NA,5
Jain,USA,D,NA,5
Lett,USA,D,NA,4
Hack,USA,D,NA,5
Kipp,USA,G,NA,5
Rahn,USA,D,NA,5
Luck,USA,D,NA,5
Bode,USA,D,NA,5
Word,USA,D,NA,4
Bott,USA,D,NA,5
Papa,USA,D,NA,4
Book,USA,D,NA,5
Fore,USA,D,NA,5
Fell,USA,D,NA,5
Vaca,USA,A,NA,5
Ochs,USA,E,NA,5
Orta,USA,D,NA,5
Dorr,USA,D,NA,5
Feng,USA,D,NA,5
Jang,USA,D,NA,5
Liao,USA,D,NA,5
Deck,USA,D,NA,5
Fogg,USA,D,NA,5
Bost,USA,D,NA,5
Kuhl,USA,P,NA,5
Wilk,USA,P,NA,5
Koon,USA,P,NA,5
Real,USA,P,NA,5
Bias,USA,C,NA,2
Bane,USA,D,NA,4
Fite,USA,D,NA,5
Benz,USA,D,NA,5
Buie,USA,D,NA,5
Wold,USA,D,NA,5
Houk,USA,D,NA,5
Lees,USA,D,NA,5
Rego,USA,D,NA,3
Karp,USA,D,NA,3
Pepe,USA,D,NA,4
Sink,USA,D,NA,4
Dana,USA,D,NA,3
Nail,USA,D,NA,4
Syed,USA,D,NA,3
Mick,USA,D,NA,3
Fick,USA,C,NA,2
Senn,USA,D,NA,3
Herd,USA,D,NA,4
Reel,USA,D,NA,4
Thom,USA,D,NA,4
Zito,USA,D,NA,4
Puga,USA,P,NA,5
Macy,USA,D,NA,4
Kahl,USA,D,NA,4
Vice,USA,D,NA,4
Grow,USA,D,NA,4
Poff,USA,D,NA,3
Dore,USA,D,NA,3
Race,USA,D,NA,4
Delp,USA,D,NA,3
Nuno,USA,D,NA,4
Gard,USA,D,NA,4
Gott,USA,D,NA,4
Cate,USA,C,NA,3
Muth,USA,D,NA,2
Rusk,USA,D,NA,3
Diep,USA,D,NA,3
Gwin,USA,D,NA,3
Hoss,USA,K,NA,4
Fall,USA,K,NA,3
Lunn,USA,K,NA,4
Omar,USA,K,NA,5
Till,USA,K,NA,5
Leak,USA,K,NA,5
Mote,USA,K,NA,5
Fitz,USA,K,NA,3
Henn,USA,K,NA,4
Ebel,USA,K,NA,3
Geis,USA,K,NA,4
Bono,USA,K,NA,5
Tims,USA,K,NA,5
Nice,USA,P,NA,5
Ayer,USA,P,NA,5
Dole,USA,K,NA,5
Baty,USA,P,NA,5
Dare,USA,K,NA,5
Roan,USA,K,NA,5
Lobo,USA,K,NA,5
Gust,USA,K,NA,5
Wear,USA,K,NA,5
Mohn,USA,K,NA,5
Dice,USA,K,NA,5
Sill,USA,K,NA,5
Reif,USA,K,NA,5
Reep,USA,K,NA,5
Peet,USA,K,NA,5
Poor,USA,K,NA,5
Felt,USA,K,NA,5
Warr,USA,K,NA,5
Tart,USA,K,NA,5
Bork,USA,K,NA,4
Noto,USA,K,NA,4
Remy,USA,P,NA,5
Sher,USA,K,NA,4
Mask,USA,K,NA,5
Daum,USA,K,NA,5
Fann,USA,K,NA,5
Toma,USA,K,NA,5
Dash,USA,K,NA,5
Hone,USA,P,NA,5
Renz,USA,K,NA,5
Lipp,USA,K,NA,5
Rank,USA,K,NA,5
Lore,USA,P,NA,5
Cale,USA,K,NA,5
Holl,USA,P,NA,5
Deem,USA,P,NA,5
Davy,USA,P,NA,5
Gumm,USA,P,NA,5
Guay,USA,P,NA,5
Oman,USA,K,NA,5
Kost,USA,K,NA,5
Rutz,USA,K,NA,5
Doud,USA,K,NA,5
Vale,USA,K,NA,5
Aker,USA,K,NA,5
Line,USA,K,NA,5
Pick,USA,K,NA,5
Lieb,USA,K,NA,4
Pare,USA,K,NA,5
Boaz,USA,P,NA,5
Coco,USA,K,NA,5
Nick,USA,K,NA,5
Maul,USA,F,NA,5
Mong,USA,K,NA,5
Bohl,USA,K,NA,5
Coan,USA,K,NA,5
Loeb,USA,K,NA,5
Hern,USA,K,NA,5
Herb,USA,P,NA,5
Blom,USA,K,NA,5
Vong,USA,K,NA,5
Gama,USA,K,NA,5
Kale,USA,K,NA,5
Shue,USA,K,NA,5
Saez,USA,K,NA,5
Dake,USA,K,NA,5
Leek,USA,K,NA,5
Zell,USA,K,NA,5
Baur,USA,K,NA,4
Saba,USA,F,NA,5
Smit,USA,F,NA,5
Laub,USA,F,NA,5
Ting,USA,F,NA,5
Elia,USA,F,NA,5
Rugg,USA,F,NA,5
Leaf,USA,F,NA,5
Hilt,USA,0,NA,5
Bopp,USA,F,NA,5
Holz,USA,F,NA,5
Dane,USA,F,NA,5
Foor,USA,F,NA,5
Masi,USA,F,NA,5
Noon,USA,F,NA,5
Coll,USA,F,NA,5
Lucy,USA,F,NA,5
Ping,USA,F,NA,5
Lain,USA,0,NA,5
Peay,USA,F,NA,5
Haga,USA,0,NA,5
Blas,USA,F,NA,5
Lepe,USA,F,NA,5
Esch,USA,F,NA,5
Pyne,USA,F,NA,5
Olea,USA,F,NA,5
Roux,USA,F,NA,5
Nace,USA,F,NA,5
Diez,USA,F,NA,5
Cane,USA,F,NA,5
Pegg,USA,F,NA,5
Lino,USA,F,NA,5
Tyus,USA,F,NA,5
Azar,USA,F,NA,5
Lieu,USA,F,NA,5
Odea,USA,F,NA,5
Cron,USA,F,NA,5
Hugo,USA,F,NA,5
Kral,USA,0,NA,5
Mehl,USA,0,NA,5
Hagy,USA,0,NA,5
Rink,USA,F,NA,5
Chua,USA,F,NA,5
Mara,USA,F,NA,5
Birk,USA,F,NA,5
Deyo,USA,F,NA,5
Zeno,USA,F,NA,5
Kays,USA,F,NA,5
Hile,USA,F,NA,5
Heng,USA,F,NA,5
Dark,USA,F,NA,5
Roca,USA,0,NA,5
Cuff,USA,F,NA,5
Artz,USA,G,NA,5
Hail,USA,F,NA,5
Wait,USA,K,NA,5
Boll,USA,0,NA,5
Bose,USA,0,NA,5
Bury,USA,F,NA,5
Hohn,USA,F,NA,5
Mroz,USA,F,NA,5
Repp,USA,F,NA,5
Foxx,USA,F,NA,5
Gros,USA,F,NA,5
Lunt,USA,F,NA,5
Sowa,USA,F,NA,5
Hoge,USA,0,NA,5
Reck,USA,K,NA,4
Rigg,USA,P,NA,5
Feld,USA,P,NA,5
Hott,USA,P,NA,5
Nolt,USA,P,NA,5
Rabb,USA,D,NA,5
Clow,USA,K,NA,5
Corr,USA,F,NA,5
Renn,USA,0,NA,5
Towe,USA,0,NA,5
Gove,USA,0,NA,5
Port,USA,F,NA,5
Buff,USA,F,NA,5
Huie,USA,F,NA,5
Polo,USA,F,NA,5
Salo,USA,F,NA,5
Aden,USA,F,NA,5
Iles,USA,F,NA,5
Exum,USA,F,NA,5
Foti,USA,F,NA,5
Xiao,USA,F,NA,5
Leis,USA,K,NA,5
Auld,USA,H,NA,5
Eudy,USA,0,NA,5
Gadd,USA,0,NA,5
Silk,USA,0,NA,5
Hirt,USA,0,NA,5
Zane,USA,F,NA,5
Goin,USA,F,NA,5
Wipf,USA,F,NA,5
Cray,USA,F,NA,5
Bath,USA,0,NA,5
Lack,USA,0,NA,5
Yoho,USA,0,NA,5
Kung,USA,F,NA,5
Tsui,USA,F,NA,5
Plum,USA,H,NA,4
Kime,USA,H,NA,4
Mass,USA,H,NA,5
Bump,USA,H,NA,5
Hain,USA,K,NA,5
Suhr,USA,F,NA,5
Ding,USA,H,NA,5
Geib,USA,K,NA,5
Sorg,USA,K,NA,4
Vara,USA,K,NA,5
Litz,USA,K,NA,5
Wehr,USA,K,NA,5
Alas,USA,K,NA,5
Bale,USA,K,NA,5
Hage,USA,H,NA,5
Sugg,USA,H,NA,5
Seda,USA,H,NA,5
Blau,USA,H,NA,5
Urso,USA,H,NA,5
Kaul,USA,H,NA,4
Weng,USA,K,NA,5
Teng,USA,C,NA,2
Bart,USA,D,NA,4
Deer,USA,D,NA,5
Ganz,USA,D,NA,5
Wier,USA,D,NA,5
Glen,USA,D,NA,5
Guin,USA,D,NA,5
Hyer,USA,D,NA,5
Lema,USA,D,NA,5
Chai,USA,F,NA,5
Oddo,USA,D,NA,5
Kalb,USA,D,NA,5
Fern,USA,D,NA,5
Mire,USA,D,NA,5
Vass,USA,D,NA,5
Damm,USA,G,NA,5
Nell,USA,D,NA,5
Gile,USA,D,NA,5
Mort,USA,D,NA,5
Reda,USA,D,NA,5
Cali,USA,D,NA,5
Maag,USA,D,NA,5
Murr,USA,D,NA,5
Seth,USA,D,NA,5
Toon,USA,P,NA,5
Addy,USA,P,NA,5
Hose,USA,D,NA,5
Seto,USA,D,NA,5
Korb,USA,D,NA,5
Tyre,USA,D,NA,5
Mika,USA,D,NA,5
Doby,USA,D,NA,5
Shew,USA,D,NA,5
Lape,USA,D,NA,5
Buhl,USA,D,NA,5
Kull,USA,D,NA,5
Rine,USA,D,NA,5
Sing,USA,D,NA,5
Hunn,USA,D,NA,5
Avis,USA,D,NA,5
Tena,USA,D,NA,5
Rolf,USA,D,NA,5
Wyse,USA,D,NA,5
Boes,USA,D,NA,5
Rall,USA,D,NA,5
Fahy,USA,D,NA,5
Loch,USA,D,NA,5
Wink,USA,D,NA,5
Able,USA,D,NA,5
Koop,USA,D,NA,5
Lach,USA,D,NA,5
Yale,USA,D,NA,5
Lanz,USA,D,NA,5
Mahn,USA,D,NA,5
Town,USA,D,NA,5
Tant,USA,D,NA,5
Malm,USA,D,NA,5
Oros,USA,D,NA,5
Kees,USA,D,NA,5
Chae,USA,D,NA,5
Klem,USA,D,NA,5
Frew,USA,D,NA,5
Coto,USA,D,NA,5
Dews,USA,D,NA,5
Kast,USA,D,NA,5
Shan,USA,P,NA,5
Taff,USA,D,NA,5
Raza,USA,P,NA,5
Imel,USA,A,NA,5
Drye,USA,P,NA,4
Gies,USA,D,NA,5
Fagg,USA,D,NA,5
Hank,USA,D,NA,5
Rayl,USA,D,NA,5
Mose,USA,P,NA,5
Gain,USA,D,NA,5
Usry,USA,D,NA,5
Pelt,USA,D,NA,5
Body,USA,D,NA,5
Sola,USA,H,NA,5
Moos,USA,D,NA,5
Nigh,USA,D,NA,5
Luby,USA,D,NA,5
Ronk,USA,D,NA,5
Apel,USA,D,NA,5
Espy,USA,D,NA,5
Nass,USA,D,NA,5
Even,USA,D,NA,5
Byun,USA,D,NA,5
Tyra,USA,F,NA,5
Goza,USA,P,NA,5
Huls,USA,D,NA,5
Pico,USA,P,NA,5
Lein,USA,P,NA,5
Fyfe,USA,P,NA,5
Capp,USA,D,NA,5
Hoar,USA,D,NA,5
Maio,USA,D,NA,5
Olah,USA,D,NA,5
Ying,USA,D,NA,5
Blea,USA,D,NA,5
Piro,USA,D,NA,5
Bona,USA,D,NA,5
Cree,USA,D,NA,5
Gelb,USA,D,NA,5
Tell,USA,D,NA,5
Roye,USA,D,NA,5
Aune,USA,D,NA,5
Saxe,USA,D,NA,5
Ramm,USA,D,NA,5
Pica,USA,D,NA,5
Gula,USA,D,NA,5
Lone,USA,G,NA,5
Kruk,USA,D,NA,5
Kriz,USA,D,NA,5
Hegg,USA,D,NA,5
Tall,USA,D,NA,5
Alli,USA,D,NA,5
Harb,USA,D,NA,5
Kies,USA,D,NA,5
Fett,USA,D,NA,5
Lass,USA,D,NA,5
Ruis,USA,D,NA,5
Loss,USA,D,NA,5
Ours,USA,D,NA,5
Meck,USA,D,NA,5
Duby,USA,D,NA,5
Tope,USA,D,NA,5
Suda,USA,D,NA,5
Denk,USA,D,NA,5
Sund,USA,D,NA,5
Cudd,USA,D,NA,5
Rahe,USA,D,NA,5
Gier,USA,D,NA,5
Reeb,USA,D,NA,5
Vogl,USA,C,NA,3
Danz,USA,D,NA,4
Cost,USA,D,NA,5
Oles,USA,D,NA,5
Dery,USA,D,NA,5
Lona,USA,D,NA,5
Batz,USA,D,NA,5
Rini,USA,D,NA,5
Bran,USA,D,NA,5
Ivan,USA,D,NA,5
Pile,USA,D,NA,5
Guse,USA,D,NA,5
Ruud,USA,D,NA,5
Beas,USA,D,NA,5
Bise,USA,D,NA,5
Caso,USA,D,NA,5
Meis,USA,D,NA,5
Zych,USA,D,NA,5
Atha,USA,P,NA,5
Hoak,USA,F,NA,5
Kohr,USA,D,NA,5
Raia,USA,D,NA,5
Luff,USA,D,NA,5
Meas,USA,D,NA,5
Husk,USA,D,NA,5
Corl,USA,D,NA,5
Dopp,USA,D,NA,5
Choo,USA,D,NA,5
Ogan,USA,D,NA,5
Kush,USA,D,NA,5
Sole,USA,D,NA,5
Aber,USA,D,NA,5
Hege,USA,D,NA,5
Rohm,USA,D,NA,5
Khuu,USA,D,NA,5
Lisa,USA,D,NA,5
Rake,USA,D,NA,5
Luse,USA,D,NA,5
Lehn,USA,D,NA,5
Flor,USA,D,NA,5
Gift,USA,D,NA,5
Ager,USA,D,NA,5
Litt,USA,D,NA,5
Nees,USA,D,NA,5
Lish,USA,D,NA,5
Vore,USA,D,NA,5
Cude,USA,P,NA,5
Ader,USA,P,NA,5
Toby,USA,D,NA,4
Dutt,USA,D,NA,5
Quin,USA,D,NA,5
Zion,USA,P,NA,5
Buis,USA,D,NA,5
Ghee,USA,D,NA,5
Lall,USA,D,NA,5
Duer,USA,D,NA,3
Reay,USA,C,NA,4
Teti,USA,D,NA,4
Halm,USA,D,NA,5
Klar,USA,D,NA,5
Raju,USA,F,NA,5
Bhat,USA,D,NA,5
Pupo,USA,D,NA,5
Span,USA,D,NA,5
Sgro,USA,D,NA,5
Amor,USA,D,NA,5
Merk,USA,D,NA,5
Bail,USA,D,NA,5
Oser,USA,D,NA,5
Resh,USA,D,NA,4
Ater,USA,D,NA,5
Brod,USA,D,NA,5
Lies,USA,D,NA,5
Like,USA,D,NA,5
Hout,USA,D,NA,5
Kaba,USA,K,NA,5
Wyer,USA,D,NA,5
Jans,USA,D,NA,5
Ryon,USA,D,NA,5
Basa,USA,D,NA,5
Inda,USA,D,NA,5
Almy,USA,D,NA,5
Orem,USA,D,NA,5
Abed,USA,D,NA,4
Marc,USA,D,NA,5
Awan,USA,D,NA,4
Heyl,USA,D,NA,5
Kara,USA,P,NA,5
Agin,USA,D,NA,5
Igoe,USA,D,NA,4
Saye,USA,P,NA,5
Kumm,USA,P,NA,5
Fass,USA,P,NA,5
Jong,USA,D,NA,5
Show,USA,D,NA,5
Dora,USA,P,NA,5
Seid,USA,P,NA,5
Begg,USA,D,NA,3
Paff,USA,D,NA,4
Poth,USA,D,NA,5
Ruda,USA,D,NA,5
Puff,USA,D,NA,5
Miao,USA,D,NA,5
Orsi,USA,G,NA,5
Pais,USA,D,NA,4
Susi,USA,D,NA,5
Zipp,USA,A,NA,5
Rehn,USA,D,NA,5
Amir,USA,D,NA,5
Bong,USA,D,NA,5
Urie,USA,D,NA,5
Mody,USA,D,NA,5
Sevy,USA,C,NA,4
Bolz,USA,D,NA,3
Ines,USA,D,NA,5
Ihle,USA,D,NA,5
Done,USA,C,NA,1
Keep,USA,I,NA,3
Lion,USA,I,NA,4
Kath,USA,I,NA,5
Lego,USA,I,NA,5
Vold,USA,I,NA,4
Okon,USA,I,NA,4
Zins,USA,I,NA,3
Syme,USA,I,NA,4
Odeh,USA,I,NA,4
Pals,USA,I,NA,5
Sais,USA,I,NA,5
Sano,USA,I,NA,5
Rump,USA,I,NA,5
Asch,USA,I,NA,5
Engh,USA,I,NA,5
Yahn,USA,I,NA,5
Leen,USA,I,NA,4
Ruge,USA,F,NA,5
Doom,USA,P,NA,5
Sura,USA,I,NA,5
Gess,USA,I,NA,5
Hoth,USA,I,NA,5
Linz,USA,I,NA,5
Rama,USA,I,NA,5
Beth,USA,I,NA,5
Byam,USA,I,NA,5
Carp,USA,I,NA,4
Roys,USA,I,NA,4
Dust,USA,I,NA,4
Gora,USA,I,NA,4
Less,USA,I,NA,3
Rota,USA,I,NA,4
Aloi,USA,A,NA,5
Wnek,USA,I,NA,5
Toor,USA,I,NA,5
Kehn,USA,I,NA,4
Zenk,USA,I,NA,5
Viel,USA,I,NA,4
Emch,USA,I,NA,5
Deis,USA,I,NA,5
Zapp,USA,I,NA,5
Wool,USA,I,NA,5
Nine,USA,I,NA,4
Riaz,USA,I,NA,3
Zahm,USA,I,NA,4
Bedi,USA,I,NA,5
Tuel,USA,I,NA,5
Dyas,USA,I,NA,5
Bame,USA,I,NA,4
Vial,USA,I,NA,5
Snee,USA,I,NA,3
Rohl,USA,I,NA,5
Tosi,USA,I,NA,5
Duva,USA,I,NA,5
Witz,USA,I,NA,5
Tani,USA,I,NA,5
Kary,USA,I,NA,5
Ohrt,USA,I,NA,5
Leva,USA,I,NA,5
Lias,USA,A,NA,5
Mayr,USA,A,NA,5
Taul,USA,A,NA,5
Gere,USA,P,NA,5
Pong,USA,I,NA,5
Aird,USA,I,NA,5
Yagi,USA,I,NA,5
Auch,USA,I,NA,5
Ruhe,USA,I,NA,4
Stan,USA,I,NA,5
Jake,USA,I,NA,5
Neas,USA,I,NA,5
Walp,USA,I,NA,5
Ales,USA,I,NA,5
Chum,USA,I,NA,5
Roda,USA,I,NA,5
Nipp,USA,I,NA,5
Nast,USA,I,NA,5
Ryer,USA,I,NA,5
Wayt,USA,I,NA,5
Codd,USA,I,NA,5
Tagg,USA,I,NA,5
Gaal,USA,I,NA,5
Muha,USA,I,NA,5
Crea,USA,I,NA,5
Doub,USA,I,NA,5
Waye,USA,I,NA,5
Droz,USA,I,NA,5
Venn,USA,I,NA,5
Kita,USA,I,NA,5
Bunk,USA,I,NA,5
Donn,USA,I,NA,5
Dain,USA,I,NA,5
Dais,USA,I,NA,5
Edds,USA,I,NA,5
Sees,USA,I,NA,5
Genz,USA,I,NA,5
Hire,USA,I,NA,5
Kolp,USA,I,NA,5
Depp,USA,I,NA,5
Tift,USA,I,NA,5
Lann,USA,I,NA,5
Mouw,USA,I,NA,5
Amyx,USA,I,NA,5
Dona,USA,I,NA,5
Dory,USA,I,NA,5
Emge,USA,I,NA,5
Auge,USA,I,NA,5
Alto,USA,I,NA,5
Arlt,USA,I,NA,5
Tusa,USA,I,NA,5
Ueda,USA,A,NA,5
Zuno,USA,A,NA,5
Dino,USA,D,NA,5
Gort,USA,D,NA,5
Chim,USA,I,NA,4
Kjos,USA,C,NA,2
Sago,USA,C,NA,2
Dano,USA,I,NA,3
Mood,USA,C,NA,2
Nill,USA,I,NA,3
Tobe,USA,I,NA,3
Zale,USA,I,NA,4
Korf,USA,I,NA,3
Buel,USA,I,NA,4
Efaw,USA,I,NA,5
Skog,USA,I,NA,5
Bega,USA,I,NA,5
Haut,USA,I,NA,5
Lata,USA,I,NA,5
Hemp,USA,I,NA,5
Hren,USA,I,NA,5
Oien,USA,I,NA,5
Dorf,USA,I,NA,5
Esco,USA,I,NA,5
Vink,USA,I,NA,5
Jane,USA,I,NA,5
Nery,USA,I,NA,5
Ades,USA,I,NA,5
Baza,USA,I,NA,4
Bern,USA,I,NA,5
Stay,USA,I,NA,5
Nute,USA,I,NA,5
Selk,USA,I,NA,4
Brin,USA,I,NA,5
Kobe,USA,I,NA,5
Klim,USA,E,NA,5
Poag,USA,I,NA,5
Boak,USA,I,NA,5
Feig,USA,I,NA,5
Pott,USA,C,NA,4
Heun,USA,I,NA,3
Gest,USA,I,NA,3
Boyt,USA,C,NA,3
Enge,USA,C,NA,3
Flis,USA,I,NA,3
Albo,USA,I,NA,2
Sick,USA,I,NA,3
Boys,USA,I,NA,4
Sami,USA,I,NA,4
Entz,USA,I,NA,4
Mogg,USA,I,NA,4
Jahr,USA,I,NA,5
Siri,USA,I,NA,5
Lois,USA,I,NA,5
Abee,USA,I,NA,4
Latz,USA,I,NA,4
Pilz,USA,I,NA,5
Samp,USA,I,NA,5
Tuff,USA,I,NA,4
Serr,USA,I,NA,5
Arth,USA,I,NA,5
Lule,USA,I,NA,5
Reim,USA,I,NA,3
Rhue,USA,I,NA,4
Wyne,USA,I,NA,4
Bene,USA,I,NA,4
Roat,USA,I,NA,4
Braz,USA,I,NA,4
Paye,USA,I,NA,2
Fehl,USA,I,NA,3
Pihl,USA,I,NA,4
Lean,USA,I,NA,4
Radu,USA,I,NA,4
Full,USA,I,NA,4
Rief,USA,P,NA,3
Sane,USA,P,NA,4
Bram,USA,I,NA,3
Cupo,USA,I,NA,2
Nack,USA,I,NA,2
Base,USA,C,NA,3
Blye,USA,I,NA,3
Hana,USA,I,NA,3
Paar,USA,I,NA,4
Slim,USA,I,NA,4
Golz,USA,I,NA,4
Blew,USA,I,NA,4
Ripa,USA,I,NA,3
Code,USA,I,NA,4
Pore,USA,I,NA,4
Raup,USA,I,NA,5
Mazo,USA,I,NA,4
Humm,USA,I,NA,3
Brom,USA,C,NA,1
Fico,USA,K,NA,2
Keef,USA,K,NA,3
Rani,USA,I,NA,3
Tsou,USA,A,NA,3
Boot,USA,K,NA,3
Roza,USA,C,NA,2
Duey,USA,C,NA,2
Kall,USA,K,NA,3
Kloc,USA,F,NA,4
Cira,USA,K,NA,3
Xing,USA,K,NA,4
Zeeb,USA,K,NA,4
Baxa,USA,0,NA,4
Gehm,USA,F,NA,3
Tsoi,USA,G,NA,4
Baye,USA,F,NA,4
Sean,USA,K,NA,3
Lavy,USA,K,NA,3
Mura,USA,K,NA,4
Zara,USA,K,NA,4
Manu,USA,K,NA,3
Hett,USA,K,NA,4
Tamm,USA,K,NA,4
Reap,USA,K,NA,4
Kehm,USA,K,NA,4
Inoa,USA,I,NA,5
Cush,USA,K,NA,3
Biro,USA,F,NA,4
Kari,USA,K,NA,2
Zyla,USA,K,NA,2
Sari,USA,K,NA,3
Urey,USA,K,NA,3
Bort,USA,I,NA,4
Toso,USA,K,NA,3
Gell,USA,I,NA,2
Inch,USA,I,NA,3
Soll,USA,C,NA,3
Kant,USA,D,NA,3
Vint,USA,C,NA,1
Cwik,USA,K,NA,2
Vian,USA,K,NA,3
Dohn,USA,G,NA,2
Rueb,USA,K,NA,3
Sahm,USA,K,NA,3
Spak,USA,K,NA,4
Stum,USA,K,NA,3
Uram,USA,P,NA,2
Swab,USA,K,NA,5
Meno,USA,K,NA,3
Pini,USA,P,NA,4
Ruta,USA,P,NA,5
Enis,USA,P,NA,5
Kosa,USA,P,NA,4
Trow,USA,I,NA,4
Bady,USA,P,NA,5
Cuen,USA,P,NA,4
Guzy,USA,P,NA,5
Ondo,USA,P,NA,5
Cove,USA,P,NA,5
Nolf,USA,P,NA,5
Susa,USA,P,NA,5
Teta,USA,P,NA,5
Arps,USA,P,NA,3
Dome,USA,C,NA,2
Suto,USA,K,NA,5
Cong,USA,G,NA,5
Thum,USA,G,NA,4
Tupa,USA,G,NA,4
Dato,USA,G,NA,5
Maka,USA,G,NA,5
Bree,USA,G,NA,5
Saal,USA,G,NA,5
Zarr,USA,G,NA,5
Ilic,USA,G,NA,5
Limb,USA,K,NA,2
Nong,USA,D,NA,3
Beus,USA,K,NA,3
Vite,USA,K,NA,3
Ayre,USA,K,NA,4
Lide,USA,K,NA,4
Luka,USA,K,NA,3
Sooy,USA,G,NA,3
Axel,USA,K,NA,2
Kalk,USA,H,NA,2
Liem,USA,K,NA,3
Loor,USA,K,NA,3
Moan,USA,K,NA,3
Obst,USA,C,NA,1
Teat,USA,A,NA,2
Prus,USA,A,NA,3
Sigg,USA,A,NA,3
Lumb,USA,A,NA,5
Date,USA,P,NA,4
Dort,USA,A,NA,5
Napp,USA,A,NA,5
Thew,USA,P,NA,5
Geck,USA,I,NA,5
Kuns,USA,A,NA,5
Ravi,USA,P,NA,5
Hari,USA,A,NA,5
Sham,USA,P,NA,5
Bodo,USA,A,NA,5
Gach,USA,A,NA,5
Goos,USA,P,NA,5
Harl,USA,A,NA,5
Huda,USA,A,NA,5
Kise,USA,P,NA,4
Fina,USA,A,NA,5
Flye,USA,A,NA,5
Inga,USA,A,NA,5
Meyn,USA,A,NA,5
Zenz,USA,A,NA,5
Frum,USA,A,NA,5
Glas,USA,A,NA,5
Many,USA,A,NA,5
Mezo,USA,A,NA,5
Risi,USA,A,NA,5
Netz,USA,A,NA,5
Enea,USA,A,NA,5
Kaas,USA,A,NA,5
Brix,USA,A,NA,5
Hind,USA,A,NA,5
Pula,USA,A,NA,5
Raad,USA,A,NA,5
Bute,USA,P,NA,4
Imus,USA,P,NA,5
Arko,USA,A,NA,5
Calk,USA,A,NA,5
Erny,USA,A,NA,5
Life,USA,P,NA,5
Gabe,USA,P,NA,5
Boch,USA,P,NA,5
Eade,USA,P,NA,5
Gick,USA,P,NA,5
Kana,USA,P,NA,5
Booz,USA,P,NA,5
Fahr,USA,P,NA,5
Hejl,USA,P,NA,5
Koff,USA,P,NA,5
Kool,USA,P,NA,5
Loft,USA,P,NA,5
Pain,USA,P,NA,5
Zike,USA,P,NA,5
Desa,USA,P,NA,5
Esty,USA,P,NA,5
Akau,USA,P,NA,5
Jann,USA,P,NA,5
Lips,USA,P,NA,5
Wrye,USA,P,NA,5
Agne,USA,P,NA,5
Caya,USA,P,NA,5
Ceci,USA,P,NA,5
Coia,USA,P,NA,5
Dado,USA,P,NA,5
Laun,USA,P,NA,5
Poer,USA,P,NA,5
Wery,USA,P,NA,5
Cuny,USA,P,NA,5
Eary,USA,P,NA,5
Fiel,USA,P,NA,5
Endy,USA,P,NA,5
Flud,USA,P,NA,5
Nudo,USA,P,NA,5
Wied,USA,P,NA,5
Cima,USA,P,NA,5
Spaw,USA,A,NA,5
Celi,USA,P,NA,5
Crom,USA,A,NA,4
Fill,USA,A,NA,4
Gori,USA,A,NA,5
Thul,USA,A,NA,5
Datz,USA,A,NA,5
Ging,USA,A,NA,5
Maue,USA,A,NA,5
Moch,USA,A,NA,5
Tsay,USA,A,NA,5
Wetz,USA,A,NA,5
Faso,USA,A,NA,5
Prow,USA,A,NA,5
Obar,USA,A,NA,5
Cena,USA,A,NA,5
Cloe,USA,A,NA,5
Imig,USA,A,NA,5
Khoo,USA,A,NA,5
Hast,USA,K,NA,5
Mano,USA,K,NA,5
Naim,USA,A,NA,5
Dieu,USA,A,NA,5
Nist,USA,A,NA,5
Bora,USA,P,NA,5
Cino,USA,P,NA,5
Pint,USA,A,NA,4
Gath,USA,A,NA,5
Greg,USA,A,NA,5
Mein,USA,A,NA,5
Peto,USA,A,NA,3
Akel,USA,A,NA,4
Kanu,USA,A,NA,4
Boxx,USA,P,NA,4
Koby,USA,P,NA,5
Rork,USA,A,NA,4
Welt,USA,A,NA,5
Boop,USA,A,NA,5
Isch,USA,A,NA,5
Menk,USA,A,NA,3
Bolf,USA,A,NA,5
Febo,USA,A,NA,5
Lant,USA,A,NA,5
Rijo,USA,A,NA,5
Vent,USA,A,NA,5
Fier,USA,A,NA,5
Grew,USA,A,NA,5
Tish,USA,A,NA,5
Ante,USA,A,NA,5
Baio,USA,A,NA,5
Kegg,USA,A,NA,5
Pash,USA,A,NA,5
Wion,USA,A,NA,5
Fehn,USA,A,NA,5
Hudy,USA,A,NA,5
Reny,USA,A,NA,4
Helf,USA,A,NA,5
Arns,USA,A,NA,5
Emel,USA,A,NA,5
Kyne,USA,A,NA,5
Hach,USA,A,NA,5
Nila,USA,A,NA,5
Moga,USA,A,NA,5
Nigg,USA,A,NA,5
Lahm,USA,A,NA,5
Prew,USA,P,NA,5
Tine,USA,A,NA,5
Faus,USA,A,NA,5
Ramo,USA,A,NA,5
Rodi,USA,A,NA,5
Ambs,USA,A,NA,5
Boge,USA,A,NA,5
Gera,USA,A,NA,5
Duwe,USA,A,NA,5
Kano,USA,A,NA,5
Nied,USA,A,NA,5
Riss,USA,A,NA,5
Sava,USA,A,NA,5
Veen,USA,A,NA,5
Mako,USA,A,NA,5
Mula,USA,A,NA,5
Raum,USA,A,NA,5
Seki,USA,A,NA,5
Arts,USA,A,NA,5
Lame,USA,A,NA,5
Kudo,USA,A,NA,5
Goes,USA,A,NA,5
Misa,USA,A,NA,5
Rauf,USA,A,NA,5
Aase,USA,A,NA,5
Biby,USA,A,NA,5
Boso,USA,A,NA,5
Guck,USA,A,NA,5
Lurz,USA,A,NA,5
Shur,USA,A,NA,5
Tole,USA,A,NA,5
Bano,USA,A,NA,5
Elmi,USA,A,NA,5
Koke,USA,A,NA,5
Todt,USA,A,NA,5
Abbs,USA,A,NA,5
Cada,USA,A,NA,5
Loja,USA,A,NA,5
Dise,USA,A,NA,5
Hoog,USA,A,NA,5
Moat,USA,A,NA,5
Reef,USA,A,NA,5
Gisi,USA,A,NA,5
Vert,USA,A,NA,5
Laba,USA,A,NA,5
Ziel,USA,I,NA,5
Jago,USA,A,NA,5
Suon,USA,A,NA,5
Syms,USA,A,NA,5
Kope,USA,A,NA,5
Soli,USA,A,NA,5
Gene,USA,A,NA,5
Khim,USA,A,NA,5
Rase,USA,A,NA,5
Zipf,USA,A,NA,5
Deep,USA,A,NA,5
Fons,USA,A,NA,5
Gens,USA,A,NA,5
Hahm,USA,A,NA,5
Muhl,USA,A,NA,5
Yapp,USA,A,NA,5
Dagg,USA,A,NA,5
Deam,USA,A,NA,5
Fent,USA,A,NA,5
Gery,USA,A,NA,5
Kooi,USA,A,NA,5
Luma,USA,A,NA,5
Dhar,USA,A,NA,5
Fess,USA,A,NA,5
Heyd,USA,A,NA,5
Pont,USA,A,NA,5
Sann,USA,A,NA,5
Sigl,USA,A,NA,5
Meir,USA,A,NA,5
Zika,USA,A,NA,5
Huwe,USA,A,NA,5
Dugo,USA,A,NA,5
Roel,USA,A,NA,5
Ulin,USA,A,NA,5
Beel,USA,A,NA,5
Hetz,USA,A,NA,5
Jass,USA,A,NA,5
Menn,USA,A,NA,5
Suba,USA,A,NA,5
Waln,USA,A,NA,5
Fila,USA,A,NA,5
Lipa,USA,A,NA,5
Salz,USA,A,NA,5
Gory,USA,A,NA,5
July,USA,A,NA,5
Loll,USA,A,NA,5
Loso,USA,A,NA,5
Simm,USA,A,NA,3
Tara,USA,A,NA,4
Filo,USA,A,NA,5
Kjar,USA,A,NA,5
Yaun,USA,A,NA,5
Dirr,USA,A,NA,5
Gutt,USA,A,NA,4
Ogaz,USA,A,NA,5
Dirk,USA,A,NA,5
Egle,USA,A,NA,5
Paci,USA,A,NA,5
Rawe,USA,A,NA,5
Foil,USA,A,NA,3
Kren,USA,A,NA,3
Zern,USA,A,NA,3
Bawa,USA,A,NA,3
Buri,USA,A,NA,3
Hiss,USA,E,NA,2
Essa,USA,A,NA,2
Hidy,USA,A,NA,3
Wale,USA,F,NA,4
Caul,USA,A,NA,4
Pola,USA,A,NA,5
Rens,USA,A,NA,5
Sian,USA,A,NA,5
Amie,USA,A,NA,5
Coor,USA,A,NA,4
Luty,USA,A,NA,5
Rasp,USA,A,NA,5
Eroh,USA,A,NA,5
Osso,USA,A,NA,4
Fede,USA,P,NA,5
Kett,USA,P,NA,5
Zani,USA,A,NA,5
Binz,USA,A,NA,5
Heeb,USA,A,NA,4
Wien,USA,A,NA,3
Bihm,USA,A,NA,4
Elek,USA,A,NA,5
Keal,USA,A,NA,5
Krus,USA,A,NA,5
Lave,USA,A,NA,5
Tupy,USA,A,NA,5
Zens,USA,A,NA,5
Alen,USA,A,NA,5
Hirn,USA,A,NA,5
Jian,USA,A,NA,5
Kook,USA,A,NA,5
Naef,USA,A,NA,5
Piet,USA,A,NA,5
Rail,USA,A,NA,5
Luan,USA,A,NA,5
Luhn,USA,A,NA,5
Mamo,USA,A,NA,4
Nusz,USA,A,NA,5
Viti,USA,A,NA,5
Dani,USA,A,NA,5
Derk,USA,A,NA,5
Gegg,USA,A,NA,5
Hell,USA,A,NA,5
Meth,USA,A,NA,5
Pear,USA,A,NA,5
Beek,USA,A,NA,5
Hemm,USA,A,NA,5
Isip,USA,A,NA,5
Chad,USA,A,NA,5
Daun,USA,A,NA,5
Madl,USA,A,NA,5
Ninh,USA,A,NA,5
Skov,USA,A,NA,5
Zera,USA,A,NA,5
Ayad,USA,A,NA,5
Coba,USA,P,NA,5
Dils,USA,P,NA,5
Ehly,USA,P,NA,5
Wagy,USA,A,NA,5
Yust,USA,A,NA,5
Sens,USA,A,NA,5
Anes,USA,A,NA,5
Beza,USA,A,NA,5
Nycz,USA,A,NA,4
Wies,USA,A,NA,5
Ozer,USA,A,NA,5
Tola,USA,A,NA,5
Egly,USA,A,NA,5
Elem,USA,A,NA,5
Fitt,USA,A,NA,5
Juel,USA,A,NA,5
Kala,USA,A,NA,5
Krul,USA,A,NA,5
Ueno,USA,A,NA,5
Yoak,USA,A,NA,5
Adel,USA,A,NA,5
Chio,USA,A,NA,5
Dara,USA,P,NA,5
Doro,USA,A,NA,5
Thau,USA,A,NA,5
Wali,USA,A,NA,5
Zill,USA,A,NA,5
Pone,USA,A,NA,4
Stys,USA,A,NA,5
Broe,USA,A,NA,5
Buer,USA,A,NA,5
Cimo,USA,A,NA,5
Oyen,USA,A,NA,5
Hehl,USA,A,NA,5
Swor,USA,A,NA,5
Nish,USA,A,NA,5
Face,USA,A,NA,5
Graw,USA,A,NA,5
Kage,USA,A,NA,5
Kley,USA,A,NA,5
Notz,USA,A,NA,5
Urgo,USA,A,NA,5
Komp,USA,A,NA,5
Lecy,USA,A,NA,5
Yero,USA,A,NA,5
Haub,USA,A,NA,5
Hula,USA,A,NA,5
Odor,USA,A,NA,5
Satz,USA,A,NA,5
Sorn,USA,A,NA,5
Hlad,USA,A,NA,5
Huge,USA,A,NA,5
Koba,USA,A,NA,5
Leyh,USA,A,NA,5
Orum,USA,A,NA,5
Tufo,USA,A,NA,5
Wilz,USA,A,NA,5
Foot,USA,A,NA,4
Pinn,USA,A,NA,4
Bebo,USA,P,NA,4
Pyun,USA,A,NA,5
Kalp,USA,P,NA,5
Kyes,USA,P,NA,5
Nand,USA,P,NA,5
Gipp,USA,A,NA,5
Moyd,USA,A,NA,5
Sebo,USA,P,NA,5
Yott,USA,P,NA,5
Bord,USA,P,NA,5
Brys,USA,A,NA,5
Mory,USA,P,NA,5
Nier,USA,P,NA,5
Prey,USA,A,NA,5
Rody,USA,A,NA,5
Vegh,USA,P,NA,5
Fana,USA,A,NA,5
Fram,USA,P,NA,5
Hurm,USA,P,NA,5
Tada,USA,A,NA,5
Balz,USA,P,NA,5
Bink,USA,A,NA,5
Dyce,USA,A,NA,5
Haze,USA,P,NA,5
Toot,USA,P,NA,5
Azer,USA,A,NA,5
Bugh,USA,A,NA,5
Waas,USA,P,NA,5
Brye,USA,A,NA,5
Dwan,USA,P,NA,5
Ezra,USA,A,NA,5
Khun,USA,A,NA,5
Kota,USA,P,NA,5
Letz,USA,P,NA,5
Dile,USA,A,NA,5
Diss,USA,P,NA,5
Hush,USA,A,NA,5
Krah,USA,A,NA,3
Nate,USA,P,NA,4
Broy,USA,A,NA,5
Houy,USA,P,NA,5
Name,USA,D,NA,5
Punt,USA,A,NA,5
Reas,USA,A,NA,5
Bido,USA,A,NA,5
Guba,USA,A,NA,4
Mago,USA,A,NA,5
Ohms,USA,A,NA,4
Oree,USA,A,NA,5
Audi,USA,A,NA,5
Gato,USA,A,NA,5
Loma,USA,A,NA,5
Peno,USA,A,NA,5
Auen,USA,B,NA,4
Cake,USA,A,NA,3
Dase,USA,A,NA,4
Iten,USA,A,NA,5
Juda,USA,A,NA,5
Antu,USA,A,NA,4
Dech,USA,A,NA,5
Drab,USA,A,NA,5
Kory,USA,A,NA,5
Mruk,USA,A,NA,4
Gomm,USA,A,NA,5
Hold,USA,A,NA,5
Dols,USA,A,NA,5
Fetz,USA,A,NA,5
Gaza,USA,F,NA,5
Iwan,USA,A,NA,5
Keas,USA,A,NA,5
Lina,USA,A,NA,5
Lodi,USA,A,NA,5
Rena,USA,A,NA,5
Vari,USA,A,NA,5
Zeff,USA,A,NA,5
Alic,USA,A,NA,5
Asai,USA,A,NA,5
Baby,USA,A,NA,5
Bihl,USA,A,NA,5
Deeg,USA,A,NA,5
Emme,USA,A,NA,5
Juul,USA,F,NA,5
Nuon,USA,A,NA,5
Vaux,USA,A,NA,4
Anne,USA,A,NA,5
Lope,USA,A,NA,5
Porr,USA,A,NA,5
Yett,USA,A,NA,5
Babe,USA,A,NA,5
Gilb,USA,A,NA,5
Goga,USA,A,NA,5
Hino,USA,A,NA,5
Nabb,USA,A,NA,5
Pann,USA,A,NA,5
Pask,USA,P,NA,5
Teem,USA,A,NA,5
Boff,USA,K,NA,4
Gloe,USA,P,NA,4
Kops,USA,A,NA,5
Lahn,USA,A,NA,5
Liaw,USA,A,NA,5
Labo,USA,A,NA,5
Nudd,USA,A,NA,5
Kitz,USA,P,NA,5
Laza,USA,A,NA,5
Lwin,USA,P,NA,5
Riff,USA,P,NA,5
Tech,USA,P,NA,5
Aoun,USA,P,NA,5
Erck,USA,P,NA,5
Torr,USA,A,NA,4
Pund,USA,A,NA,3
Boro,USA,F,NA,4
Fest,USA,F,NA,4
Glod,USA,A,NA,4
Tiso,USA,A,NA,2
Bees,USA,A,NA,3
Froh,USA,A,NA,4
Gane,USA,A,NA,5
Kras,USA,A,NA,5
Lobe,USA,F,NA,5
Uhde,USA,F,NA,5
Behe,USA,F,NA,5
Bihn,USA,A,NA,5
Esse,USA,A,NA,5
Nhem,USA,F,NA,4
Sahl,USA,A,NA,5
Baab,USA,A,NA,5
Iwen,USA,A,NA,5
Tool,USA,A,NA,5
Wroe,USA,A,NA,3
Kydd,USA,A,NA,3
Lupu,USA,A,NA,3
Njie,USA,A,NA,2
Tano,USA,D,NA,3
Gnau,USA,A,NA,3
Vano,USA,D,NA,4
Haik,USA,A,NA,4
Kuri,USA,A,NA,4
Aydt,USA,I,NA,4
Beed,USA,A,NA,4
Plog,USA,A,NA,4
Wist,USA,A,NA,4
Bais,USA,A,NA,5
Duve,USA,A,NA,5
Edes,USA,A,NA,5
Hoof,USA,A,NA,5
Pata,USA,A,NA,5
Zody,USA,A,NA,5
Curb,USA,A,NA,5
Ferg,USA,A,NA,5
Ghan,USA,A,NA,5
Houg,USA,A,NA,5
Kaps,USA,A,NA,5
Naji,USA,A,NA,5
Poet,USA,A,NA,5
Iwai,USA,A,NA,4
Nybo,USA,A,NA,5
Urry,USA,A,NA,5
Zich,USA,A,NA,5
Cadd,USA,A,NA,5
Chey,USA,A,NA,5
Leif,USA,A,NA,5
Neet,USA,A,NA,5
Vala,USA,A,NA,5
Fuge,USA,A,NA,5
Haab,USA,A,NA,5
Kaim,USA,A,NA,5
Loup,USA,A,NA,5
Chak,USA,A,NA,5
Flak,USA,A,NA,5
Jura,USA,A,NA,5
Lask,USA,A,NA,5
Alim,USA,A,NA,5
Masa,USA,A,NA,4
Ohta,USA,A,NA,5
Pipp,USA,A,NA,5
Saya,USA,A,NA,5
Sese,USA,A,NA,5
Vasa,USA,A,NA,5
Wurl,USA,A,NA,4
Zirk,USA,A,NA,4
Gerk,USA,A,NA,4
Jaen,USA,A,NA,4
Pynn,USA,A,NA,5
Salk,USA,A,NA,5
Sehr,USA,A,NA,5
Sone,USA,A,NA,5
Ulch,USA,A,NA,5
Bary,USA,A,NA,5
Cini,USA,A,NA,5
Kalu,USA,A,NA,5
Naba,USA,A,NA,5
Tock,USA,A,NA,5
Ahlf,USA,A,NA,5
Kiff,USA,A,NA,5
Liff,USA,A,NA,5
Ogea,USA,A,NA,5
Sene,USA,A,NA,5
Alon,USA,A,NA,5
Vote,USA,A,NA,5
Buol,USA,A,NA,3
Fode,USA,A,NA,3
Haby,USA,A,NA,4
Jiao,USA,A,NA,4
Pule,USA,A,NA,3
Turo,USA,A,NA,3
Rieg,USA,A,NA,3
Zant,USA,A,NA,3
Cich,USA,A,NA,4
Heye,USA,A,NA,3
Mila,USA,A,NA,4
Mion,USA,A,NA,4
Ooms,USA,A,NA,5
Opal,USA,A,NA,4
Sani,USA,A,NA,2
Yoos,USA,I,NA,2
Boik,USA,A,NA,3
Paty,USA,A,NA,3
Piza,USA,H,NA,4
Army,USA,A,NA,4
Arnn,USA,A,NA,4
Hort,USA,A,NA,4
Pano,USA,A,NA,4
Adey,USA,A,NA,4
Maxa,USA,A,NA,4
Nese,USA,A,NA,4
Paes,USA,A,NA,4
Saka,USA,F,NA,4
Mers,USA,A,NA,2
Mesh,USA,P,NA,3
Muri,USA,P,NA,4
Rusu,USA,E,NA,4
Cece,USA,A,NA,5
Falu,USA,E,NA,4
Haim,USA,E,NA,4
Husa,USA,A,NA,3
Kurk,USA,A,NA,3
Lief,USA,F,NA,4
Puro,USA,F,NA,4
Baro,USA,F,NA,4
Nimz,USA,G,NA,2
Vigh,USA,K,NA,3
Cran,USA,K,NA,3
Fara,USA,C,NA,1
Farb,USA,C,NA,1
Gire,USA,G,NA,2
Hayn,USA,K,NA,2
Hext,USA,D,NA,3
Hyon,USA,G,NA,3
Meka,USA,G,NA,2
Mitz,USA,D,NA,3
Pach,USA,D,NA,3
Rawn,USA,D,NA,3
Reus,USA,C,NA,2
Bajo,USA,C,NA,1
Thoe,USA,C,NA,2
Tina,USA,K,NA,3
Tula,USA,K,NA,4
Bett,USA,K,NA,3
Depa,USA,K,NA,3
Josh,USA,C,NA,2
Uhle,USA,K,NA,2
Week,USA,G,NA,3
Aleo,USA,G,NA,3
Eber,TWN,D,APAC,3
Elko,TWN,D,APAC,4
Jeff,TWN,D,APAC,4
Rill,TWN,D,APAC,4
Demo,TWN,D,APAC,5
Ares,TWN,D,APAC,5
Snay,TWN,D,APAC,5
Grab,TWN,D,APAC,5
Knab,TWN,D,APAC,4
Heth,TWN,D,APAC,5
Dold,TWN,D,APAC,5
Vena,TWN,D,APAC,5
Boze,TWN,D,APAC,5
Cera,TWN,D,APAC,5
Gala,TWN,K,APAC,5
Bero,TWN,D,APAC,5
Henk,TWN,G,APAC,4
Zapf,TWN,D,APAC,4
Arel,TWN,D,APAC,5
Claw,TWN,A,APAC,4
Gahm,TWN,A,APAC,5
Mich,TWN,A,APAC,5
Dung,TWN,A,APAC,5
Ende,TWN,F,APAC,5
Kanz,TWN,A,APAC,5
Rihn,TWN,A,APAC,5
Beyl,TWN,A,APAC,5
Fury,THA,D,APAC,3
Pyke,THA,D,APAC,5
Tepe,THA,D,APAC,5
Test,THA,D,APAC,5
Hopf,THA,D,APAC,5
Kida,THA,A,APAC,5
Luba,THA,A,APAC,5
Pohl,RUS,D,EU,5
Kimm,RUS,I,EU,5
Leff,POL,K,EU,5
Agan,POL,D,EU,5
Mary,POL,D,EU,5
Elie,POL,D,EU,5
Been,PHL,D,APAC,5
Lade,PHL,D,APAC,5
Yule,PHL,D,APAC,5
Faux,PHL,D,APAC,5
Gail,PHL,D,APAC,5
Brea,PHL,D,APAC,5
Pelc,PHL,D,APAC,5
Dena,PHL,D,APAC,5
Moul,PHL,D,APAC,5
Warn,PHL,D,APAC,5
Imai,PHL,D,APAC,5
Para,PHL,D,APAC,5
Saks,PHL,D,APAC,5
Ando,PHL,D,APAC,5
Cail,PHL,D,APAC,5
Monn,PHL,D,APAC,5
Sitz,PHL,D,APAC,5
Wenk,PHL,D,APAC,5
Gohl,PHL,D,APAC,5
Koob,PHL,D,APAC,5
Heit,PHL,D,APAC,5
Pitz,PHL,D,APAC,5
Glad,PHL,D,APAC,5
Alls,PHL,D,APAC,5
Sipp,PHL,D,APAC,5
Tham,PHL,D,APAC,5
Trew,PHL,D,APAC,5
Blay,PHL,D,APAC,5
Baus,PHL,D,APAC,5
Luth,PHL,D,APAC,5
Ruse,PHL,D,APAC,5
Ertl,PHL,D,APAC,5
Orso,PHL,D,APAC,5
Kawa,PHL,D,APAC,5
Coit,PHL,D,APAC,5
Rund,PHL,D,APAC,5
Seat,PHL,K,APAC,3
Lime,PHL,A,APAC,3
Nilo,PHL,A,APAC,3
Tier,PHL,A,APAC,3
Veil,PHL,A,APAC,3
Zisk,PHL,A,APAC,3
Byle,PHL,A,APAC,3
Dush,PHL,A,APAC,3
Kiah,PHL,A,APAC,3
Kine,PHL,A,APAC,3
Loga,PHL,A,APAC,5
Palu,PHL,A,APAC,5
Biba,PHL,A,APAC,5
Chue,PHL,A,APAC,5
Faga,PHL,A,APAC,5
Fago,PHL,A,APAC,5
Guha,PHL,A,APAC,3
Toll,NLD,D,EU,5
Mech,NLD,K,EU,4
Houx,NLD,K,EU,3
Salt,MYS,D,APAC,5
Kuhr,MYS,D,APAC,5
Enns,MYS,D,APAC,5
Vise,MYS,D,APAC,5
Stoy,MYS,D,APAC,5
Bava,MYS,A,APAC,3
Noah,MEX,D,CALA,4
Leck,MEX,P,CALA,5
Coxe,MEX,D,CALA,4
Mohl,MEX,D,CALA,5
Gehr,MEX,D,CALA,5
Hier,MEX,D,CALA,5
Baik,MEX,D,CALA,5
Hult,MEX,D,CALA,5
Oats,MEX,D,CALA,5
Arai,MEX,D,CALA,5
Rinn,MEX,D,CALA,5
Kazi,MEX,D,CALA,5
Lena,MEX,D,CALA,5
Bies,MEX,D,CALA,5
Cord,MEX,D,CALA,5
Gaff,MEX,D,CALA,5
Arif,MEX,I,CALA,5
Cuda,MEX,I,CALA,5
Ulsh,MEX,F,CALA,4
Hata,MEX,K,CALA,4
Relf,MEX,A,CALA,4
Rulo,MEX,A,CALA,5
Scow,MEX,A,CALA,5
Crus,MEX,A,CALA,5
Krob,MEX,A,CALA,4
Pyon,MEX,A,CALA,5
Byus,MEX,A,CALA,5
Duce,MEX,A,CALA,5
Lohn,MEX,A,CALA,5
Guza,MEX,A,CALA,5
Sein,MEX,A,CALA,5
Sieh,MEX,H,CALA,5
Shaw,KOR,D,APAC,4
Hunt,KOR,E,APAC,5
Boyd,KOR,D,APAC,5
Chan,KOR,D,APAC,5
Cobb,KOR,D,APAC,5
Goen,KOR,D,APAC,3
Krey,KOR,D,APAC,4
Dies,KOR,D,APAC,5
Pait,KOR,D,APAC,5
Foth,KOR,D,APAC,5
Kram,KOR,D,APAC,5
Vigo,KOR,D,APAC,5
Aull,KOR,D,APAC,5
Enck,KOR,D,APAC,5
Fera,KOR,D,APAC,5
Jaso,KOR,E,APAC,5
Kobs,KOR,D,APAC,5
Mase,KOR,D,APAC,5
Doig,KOR,D,APAC,5
Izzi,KOR,D,APAC,5
Mees,KOR,D,APAC,5
Prak,KOR,D,APAC,5
Osei,KOR,D,APAC,5
Duch,KOR,D,APAC,5
Suit,KOR,D,APAC,5
Else,KOR,D,APAC,5
Safi,KOR,D,APAC,5
Danh,KOR,D,APAC,5
Ratz,KOR,D,APAC,5
Heyn,KOR,D,APAC,5
Anna,KOR,D,APAC,5
Bibi,KOR,D,APAC,5
Bari,KOR,I,APAC,5
Fors,KOR,I,APAC,5
Rial,KOR,I,APAC,4
Varn,KOR,I,APAC,5
Mozo,KOR,A,APAC,3
Pean,KOR,A,APAC,4
Prum,KOR,A,APAC,4
Ebey,KOR,A,APAC,5
Feck,KOR,A,APAC,5
Gali,KOR,A,APAC,5
Jory,KOR,A,APAC,5
Juba,KOR,A,APAC,5
Sheu,KOR,A,APAC,5
Nabi,KOR,A,APAC,5
Ruwe,KOR,A,APAC,5
Zuba,KOR,A,APAC,5
Kalt,KOR,A,APAC,5
Sans,KOR,A,APAC,5
Aina,KOR,A,APAC,5
Ator,KOR,A,APAC,5
Fini,KOR,A,APAC,5
Ross,JPN,D,APAC,3
West,JPN,D,APAC,4
Cole,JPN,D,APAC,5
Ford,JPN,D,APAC,5
Ruiz,JPN,D,APAC,4
Rose,JPN,D,APAC,5
Dean,JPN,D,APAC,4
Sims,JPN,D,APAC,3
Vega,JPN,D,APAC,4
Todd,JPN,D,APAC,5
Mack,JPN,D,APAC,5
Wise,JPN,D,APAC,5
Rowe,JPN,K,APAC,5
Leon,JPN,D,APAC,5
Ginn,JPN,D,APAC,3
TRUE,JPN,D,APAC,4
Kwan,JPN,D,APAC,5
Fort,JPN,D,APAC,5
Moen,JPN,D,APAC,5
Chou,JPN,D,APAC,5
Krug,JPN,D,APAC,5
Fain,JPN,D,APAC,5
Rash,JPN,D,APAC,5
Rhea,JPN,D,APAC,5
Oden,JPN,D,APAC,5
Paez,JPN,D,APAC,5
Hitt,JPN,D,APAC,5
Cass,JPN,D,APAC,5
Getz,JPN,D,APAC,5
Cade,JPN,D,APAC,5
Lear,JPN,D,APAC,5
Ault,JPN,D,APAC,5
Bear,JPN,D,APAC,5
Veal,JPN,D,APAC,5
Teel,JPN,K,APAC,5
Bahr,JPN,D,APAC,5
Amin,JPN,D,APAC,5
Otis,JPN,D,APAC,5
Olds,JPN,K,APAC,5
Fung,JPN,D,APAC,5
Ashe,JPN,D,APAC,5
Derr,JPN,D,APAC,5
Jose,JPN,D,APAC,5
Dong,JPN,D,APAC,5
Hogg,JPN,D,APAC,5
Rudy,JPN,D,APAC,5
Lung,JPN,D,APAC,5
Grim,JPN,D,APAC,5
Maya,JPN,D,APAC,5
Cupp,JPN,D,APAC,5
Nutt,JPN,D,APAC,5
Null,JPN,D,APAC,5
Eden,JPN,D,APAC,5
Rojo,JPN,D,APAC,5
Hoch,JPN,D,APAC,5
Moye,JPN,D,APAC,5
Neel,JPN,D,APAC,5
Yuen,JPN,D,APAC,5
Oaks,JPN,D,APAC,5
Ries,JPN,K,APAC,5
Walz,JPN,D,APAC,5
Bolt,JPN,G,APAC,5
Tarr,JPN,D,APAC,5
Choe,JPN,D,APAC,5
Saul,JPN,D,APAC,5
Koss,JPN,D,APAC,5
Mabe,JPN,D,APAC,5
Sato,JPN,D,APAC,5
Lash,JPN,D,APAC,5
Gass,JPN,D,APAC,5
Luis,JPN,D,APAC,5
Moll,JPN,D,APAC,5
Hard,JPN,D,APAC,5
Sena,JPN,D,APAC,5
Hoag,JPN,D,APAC,5
Palm,JPN,D,APAC,5
Fang,JPN,D,APAC,5
Melo,JPN,D,APAC,5
Judy,JPN,D,APAC,5
Butt,JPN,D,APAC,5
Bice,JPN,D,APAC,5
Bare,JPN,D,APAC,5
Hume,JPN,D,APAC,5
Hass,JPN,D,APAC,5
Loza,JPN,D,APAC,5
Corn,JPN,P,APAC,5
Lien,JPN,P,APAC,5
Pang,JPN,P,APAC,5
Peel,JPN,P,APAC,5
Durr,JPN,P,APAC,5
Fife,JPN,P,APAC,5
Levi,JPN,P,APAC,5
Darr,JPN,P,APAC,5
Keim,JPN,P,APAC,5
Lock,JPN,D,APAC,5
Pine,JPN,D,APAC,5
Bowe,JPN,D,APAC,5
Bard,JPN,D,APAC,5
Peng,JPN,D,APAC,5
Bill,JPN,D,APAC,5
Bays,JPN,D,APAC,5
Lapp,JPN,D,APAC,5
Rood,JPN,D,APAC,5
Pape,JPN,D,APAC,4
Myer,JPN,D,APAC,5
Fike,JPN,K,APAC,4
Hung,JPN,D,APAC,5
Duda,JPN,D,APAC,5
Karl,JPN,D,APAC,5
Rath,JPN,D,APAC,5
Gist,JPN,D,APAC,5
Ison,JPN,D,APAC,5
Ream,JPN,D,APAC,5
Lamm,JPN,D,APAC,5
Zahn,JPN,G,APAC,4
Tait,JPN,D,APAC,4
Maes,JPN,P,APAC,5
Folk,JPN,D,APAC,3
Haro,JPN,D,APAC,4
Mink,JPN,D,APAC,4
Raab,JPN,D,APAC,3
Gong,JPN,D,APAC,4
Kite,JPN,D,APAC,4
Sass,JPN,D,APAC,4
Dull,JPN,K,APAC,3
Abad,JPN,K,APAC,4
Hipp,JPN,K,APAC,4
Toms,JPN,K,APAC,5
Reza,JPN,P,APAC,5
Hinz,JPN,P,APAC,5
Nave,JPN,P,APAC,5
Goto,JPN,P,APAC,5
Fenn,JPN,P,APAC,5
Kain,JPN,P,APAC,5
Eley,JPN,P,APAC,5
Kwok,JPN,P,APAC,5
Rude,JPN,P,APAC,5
Nord,JPN,P,APAC,5
Drum,JPN,P,APAC,5
Fast,JPN,P,APAC,5
Maze,JPN,P,APAC,5
Fulk,JPN,F,APAC,5
Mapp,JPN,F,APAC,5
Rone,JPN,P,APAC,5
Huck,JPN,F,APAC,5
Kato,JPN,F,APAC,5
Alva,JPN,P,APAC,5
Wulf,JPN,P,APAC,5
Pigg,JPN,K,APAC,5
Ruhl,JPN,P,APAC,5
Duty,JPN,P,APAC,5
Pass,JPN,P,APAC,5
Mars,JPN,P,APAC,5
Crim,JPN,P,APAC,5
Gaul,JPN,P,APAC,5
Chee,JPN,P,APAC,5
Alam,JPN,P,APAC,5
Ming,JPN,P,APAC,5
Benn,JPN,F,APAC,5
Gast,JPN,P,APAC,5
Wine,JPN,F,APAC,5
Sain,JPN,F,APAC,5
Zorn,JPN,F,APAC,5
Rizo,JPN,F,APAC,5
Kiel,JPN,F,APAC,5
Behm,JPN,P,APAC,5
Hopp,JPN,F,APAC,5
Raby,JPN,F,APAC,5
Pell,JPN,F,APAC,5
Roof,JPN,F,APAC,5
Rabe,JPN,F,APAC,5
Alex,JPN,P,APAC,5
Pete,JPN,F,APAC,5
Pahl,JPN,P,APAC,5
Ealy,JPN,F,APAC,5
Saiz,JPN,K,APAC,5
Lent,JPN,F,APAC,5
Merz,JPN,K,APAC,5
Yung,JPN,H,APAC,5
Butz,JPN,P,APAC,5
Olin,JPN,P,APAC,5
Otte,JPN,P,APAC,5
Ivie,JPN,P,APAC,5
Deel,JPN,P,APAC,5
Duck,JPN,P,APAC,5
Matt,JPN,P,APAC,5
Coen,JPN,P,APAC,5
Loos,JPN,P,APAC,5
Wert,JPN,F,APAC,5
Bent,JPN,P,APAC,5
Tabb,JPN,F,APAC,5
Tidd,JPN,D,APAC,5
Ropp,JPN,D,APAC,5
Pair,JPN,D,APAC,5
Bara,JPN,D,APAC,5
Eyre,JPN,D,APAC,5
Bier,JPN,D,APAC,5
Balk,JPN,D,APAC,5
Buhr,JPN,D,APAC,5
Sine,JPN,P,APAC,5
Riel,JPN,D,APAC,5
Popa,JPN,D,APAC,5
Patt,JPN,A,APAC,5
Sons,JPN,D,APAC,5
Dyar,JPN,D,APAC,4
Lary,JPN,D,APAC,5
Edie,JPN,A,APAC,5
Grob,JPN,D,APAC,5
Huot,JPN,D,APAC,5
Hurn,JPN,D,APAC,5
Tonn,JPN,D,APAC,5
Qian,JPN,G,APAC,5
Maza,JPN,D,APAC,5
Boan,JPN,F,APAC,5
Alan,JPN,D,APAC,4
Menz,JPN,D,APAC,5
Koen,JPN,D,APAC,5
Zech,JPN,D,APAC,5
Mule,JPN,D,APAC,5
Paek,JPN,D,APAC,5
Nett,JPN,D,APAC,5
Uber,JPN,D,APAC,5
Otts,JPN,D,APAC,5
Kirn,JPN,D,APAC,5
Leas,JPN,D,APAC,5
Mani,JPN,D,APAC,5
Karg,JPN,D,APAC,5
Bunt,JPN,D,APAC,5
Tyer,JPN,D,APAC,5
Flom,JPN,D,APAC,5
Hieb,JPN,D,APAC,5
Kats,JPN,D,APAC,5
Kann,JPN,D,APAC,5
Rote,JPN,D,APAC,5
Wess,JPN,D,APAC,5
Rohe,JPN,D,APAC,5
Lowy,JPN,D,APAC,5
Ruel,JPN,D,APAC,5
Zona,JPN,D,APAC,5
Oyer,JPN,D,APAC,5
Rott,JPN,D,APAC,5
Lamy,JPN,D,APAC,5
Abbe,JPN,D,APAC,5
Boer,JPN,D,APAC,5
Pane,JPN,D,APAC,5
Cola,JPN,D,APAC,5
Quon,JPN,D,APAC,5
Tubb,JPN,D,APAC,5
Mans,JPN,H,APAC,5
Petz,JPN,D,APAC,5
Runk,JPN,D,APAC,5
Sood,JPN,D,APAC,5
Hodo,JPN,D,APAC,5
Dawn,JPN,D,APAC,5
Gehl,JPN,D,APAC,5
Arch,JPN,D,APAC,5
Egli,JPN,D,APAC,5
Kaup,JPN,D,APAC,5
Mutz,JPN,D,APAC,5
Hane,JPN,D,APAC,5
Coty,JPN,D,APAC,5
Goel,JPN,D,APAC,5
Miah,JPN,D,APAC,5
Dant,JPN,D,APAC,5
Louk,JPN,D,APAC,5
Nida,JPN,P,APAC,5
Toal,JPN,P,APAC,5
Kole,JPN,D,APAC,5
Heft,JPN,D,APAC,5
Reil,JPN,D,APAC,5
Weld,JPN,D,APAC,5
Youn,JPN,D,APAC,5
Daws,JPN,D,APAC,5
Joly,JPN,D,APAC,5
Chui,JPN,D,APAC,5
Jock,JPN,D,APAC,5
Voit,JPN,D,APAC,5
Ally,JPN,D,APAC,5
Broz,JPN,D,APAC,5
Gaus,JPN,D,APAC,5
Noss,JPN,D,APAC,5
Daza,JPN,D,APAC,5
Kill,JPN,P,APAC,5
Gean,JPN,D,APAC,5
Hugh,JPN,D,APAC,5
Ried,JPN,F,APAC,5
Cure,JPN,D,APAC,5
Skow,JPN,D,APAC,5
Harm,JPN,D,APAC,5
Egge,JPN,D,APAC,5
Hust,JPN,D,APAC,5
Oler,JPN,D,APAC,5
Kist,JPN,D,APAC,5
Seib,JPN,D,APAC,5
Happ,JPN,D,APAC,5
Buys,JPN,D,APAC,5
Gaut,JPN,D,APAC,5
Suen,JPN,P,APAC,4
Uren,JPN,P,APAC,5
Lady,JPN,D,APAC,5
Agar,JPN,D,APAC,5
Diab,JPN,P,APAC,5
Lins,JPN,P,APAC,5
Clum,JPN,P,APAC,5
Over,JPN,D,APAC,5
Patz,JPN,P,APAC,5
Lyne,JPN,P,APAC,5
Worm,JPN,P,APAC,5
Ryle,JPN,P,APAC,5
Ehle,JPN,P,APAC,5
Neth,JPN,P,APAC,5
Cart,JPN,P,APAC,5
Dass,JPN,P,APAC,5
Hert,JPN,P,APAC,5
Sohl,JPN,P,APAC,5
Hink,JPN,D,APAC,4
Nguy,JPN,D,APAC,5
Dohm,JPN,D,APAC,5
Okun,JPN,D,APAC,4
Pelz,JPN,D,APAC,4
Hyre,JPN,D,APAC,4
Gull,JPN,D,APAC,5
Saab,JPN,D,APAC,5
Boal,JPN,D,APAC,4
Cala,JPN,K,APAC,2
Lana,JPN,I,APAC,5
Bahm,JPN,I,APAC,5
Brue,JPN,I,APAC,5
Peat,JPN,I,APAC,5
Barg,JPN,I,APAC,5
Galt,JPN,I,APAC,3
Vath,JPN,I,APAC,3
Both,JPN,I,APAC,4
Hehn,JPN,I,APAC,4
Opel,JPN,I,APAC,5
Roch,JPN,I,APAC,4
Dady,JPN,K,APAC,5
Vana,JPN,K,APAC,5
Wnuk,JPN,K,APAC,5
Boas,JPN,K,APAC,5
Mish,JPN,K,APAC,5
Vitt,JPN,K,APAC,5
Honn,JPN,K,APAC,5
Poch,JPN,K,APAC,5
Rain,JPN,K,APAC,5
Vien,JPN,K,APAC,5
Zurn,JPN,I,APAC,5
Hoop,JPN,D,APAC,5
Pote,JPN,I,APAC,4
Cara,JPN,I,APAC,4
Bald,JPN,I,APAC,5
Boom,JPN,I,APAC,5
Simo,JPN,I,APAC,5
Wain,JPN,I,APAC,5
Katt,JPN,I,APAC,5
Virk,JPN,I,APAC,5
Faro,JPN,I,APAC,5
Hagg,JPN,I,APAC,5
Rave,JPN,I,APAC,5
Uher,JPN,I,APAC,5
Babu,JPN,I,APAC,3
Soma,JPN,N,APAC,3
Orea,JPN,E,APAC,4
Ress,JPN,G,APAC,4
Jaye,JPN,I,APAC,3
Meer,JPN,F,APAC,3
Rhem,JPN,F,APAC,4
Cura,JPN,F,APAC,4
Dack,JPN,K,APAC,3
Goar,JPN,K,APAC,4
Mies,JPN,K,APAC,3
Muhr,JPN,K,APAC,4
Goya,JPN,G,APAC,2
Brem,JPN,K,APAC,3
Dini,JPN,K,APAC,4
Andy,JPN,K,APAC,4
Bali,JPN,K,APAC,4
Lemp,JPN,K,APAC,4
Seek,JPN,K,APAC,4
Yake,JPN,G,APAC,4
Booe,JPN,K,APAC,5
Enix,JPN,A,APAC,4
Lupi,JPN,G,APAC,4
Pehl,JPN,G,APAC,3
Alig,JPN,C,APAC,3
Bors,JPN,A,APAC,5
Peth,JPN,A,APAC,5
Ziff,JPN,P,APAC,5
Jons,JPN,A,APAC,2
Fils,JPN,A,APAC,4
Glab,JPN,A,APAC,5
Hark,JPN,A,APAC,5
Maga,JPN,A,APAC,4
Rout,JPN,A,APAC,5
Senf,JPN,A,APAC,5
Want,JPN,A,APAC,5
Hetu,JPN,A,APAC,5
Hnat,JPN,A,APAC,5
Juma,JPN,A,APAC,5
Reha,JPN,E,APAC,5
Skop,JPN,E,APAC,5
Yogi,JPN,A,APAC,5
Elbe,JPN,A,APAC,5
Prem,JPN,A,APAC,5
Reek,JPN,A,APAC,5
Erno,JPN,A,APAC,3
Jech,JPN,A,APAC,4
Klas,JPN,A,APAC,5
Leth,JPN,A,APAC,5
Bian,JPN,A,APAC,5
Fohl,JPN,A,APAC,5
Liby,JPN,A,APAC,5
Tith,JPN,F,APAC,5
Coyt,JPN,P,APAC,5
Fano,JPN,A,APAC,5
Vary,JPN,K,APAC,4
Curt,JPN,A,APAC,3
Denz,JPN,A,APAC,4
Dien,JPN,A,APAC,4
Rogg,JPN,A,APAC,4
Torp,JPN,A,APAC,5
Vero,JPN,A,APAC,5
Wage,JPN,A,APAC,5
Anno,JPN,A,APAC,5
Mawn,JPN,A,APAC,4
Piva,JPN,A,APAC,5
Kaid,JPN,A,APAC,3
Niel,JPN,A,APAC,4
Plas,JPN,A,APAC,5
Beld,JPN,A,APAC,5
Juno,JPN,A,APAC,5
Kido,JPN,A,APAC,5
Nuse,JPN,A,APAC,5
Spar,JPN,A,APAC,5
Buan,JPN,A,APAC,5
Drag,JPN,A,APAC,5
Kins,JPN,A,APAC,5
Kois,JPN,A,APAC,5
Lugg,JPN,A,APAC,5
Seta,JPN,A,APAC,3
Sise,JPN,A,APAC,4
Void,JPN,I,APAC,5
Boie,JPN,A,APAC,5
Dary,JPN,A,APAC,5
Fank,JPN,A,APAC,5
Foyt,JPN,A,APAC,5
Fuda,JPN,A,APAC,5
Laos,JPN,A,APAC,5
Nork,JPN,A,APAC,5
Raun,JPN,E,APAC,5
Stas,JPN,A,APAC,5
Wean,JPN,A,APAC,5
Zand,JPN,A,APAC,5
Clar,JPN,A,APAC,5
Dize,JPN,A,APAC,5
Ewig,JPN,A,APAC,5
Ixta,JPN,A,APAC,4
Mael,JPN,A,APAC,5
Nehl,JPN,A,APAC,5
Teig,JPN,A,APAC,4
Toia,JPN,A,APAC,4
Daya,JPN,A,APAC,5
Razi,JPN,K,APAC,4
Sawh,JPN,A,APAC,5
Worl,JPN,A,APAC,5
Knez,JPN,A,APAC,5
Lapa,JPN,A,APAC,5
Riba,JPN,A,APAC,5
Tenn,JPN,A,APAC,5
Arab,JPN,A,APAC,5
Pari,JPN,I,APAC,5
Reul,JPN,A,APAC,5
Roed,JPN,A,APAC,5
Wigg,JPN,A,APAC,4
Dott,JPN,A,APAC,4
Duel,JPN,A,APAC,4
Fire,JPN,A,APAC,4
Keon,JPN,A,APAC,4
Lene,JPN,A,APAC,4
Mery,JPN,A,APAC,4
Genn,JPN,A,APAC,3
Ghio,JPN,A,APAC,4
Hinh,JPN,A,APAC,4
Milk,JPN,A,APAC,5
Puza,JPN,A,APAC,5
Voce,JPN,A,APAC,4
Zeni,JPN,A,APAC,4
Beat,JPN,A,APAC,4
Hoad,JPN,A,APAC,4
Nour,JPN,A,APAC,4
Sule,JPN,A,APAC,5
Cuna,JPN,A,APAC,5
Dobb,JPN,A,APAC,5
Hadd,JPN,A,APAC,5
Kagy,JPN,A,APAC,5
Lavi,JPN,A,APAC,5
Raco,JPN,A,APAC,4
Tise,JPN,G,APAC,2
Rear,JPN,G,APAC,3
Semo,JPN,G,APAC,3
Siva,JPN,G,APAC,4
Ways,JPN,G,APAC,3
Yago,JPN,G,APAC,4
Garl,JPN,G,APAC,4
Gima,JPN,G,APAC,3
Hron,JPN,G,APAC,3
Bras,JPN,K,APAC,3
Lohr,ISR,D,MEA,5
Burd,ISR,D,MEA,5
Rife,ISR,K,MEA,5
Born,ISR,D,MEA,5
Jara,ISR,D,MEA,5
Hash,ISR,D,MEA,5
Lehr,ISR,D,MEA,5
Weil,ISR,K,MEA,5
Hann,ISR,D,MEA,5
Mudd,ISR,D,MEA,5
Huss,ISR,K,MEA,5
Orth,ISR,K,MEA,5
Neri,ISR,K,MEA,5
Rohr,ISR,D,MEA,5
Ritz,ISR,D,MEA,5
Tsao,ISR,D,MEA,5
Dula,ISR,D,MEA,5
Gans,ISR,K,MEA,5
Klos,ISR,D,MEA,5
Wirt,ISR,K,MEA,5
Lint,ISR,K,MEA,5
Haak,ISR,D,MEA,5
Vess,ISR,K,MEA,5
Wike,ISR,K,MEA,5
Brey,ISR,D,MEA,5
Pero,ISR,K,MEA,5
Sova,ISR,K,MEA,5
Rung,ISR,I,MEA,4
Pyka,ISR,K,MEA,5
Sear,ISR,K,MEA,5
Laib,ISR,K,MEA,5
Gahn,ISR,K,MEA,5
Rais,ISR,K,MEA,3
Asis,ISR,K,MEA,4
Azim,ISR,A,MEA,5
Bila,ISR,K,MEA,4
Ewin,ISR,K,MEA,4
Norr,ISR,K,MEA,5
Shyu,ISR,K,MEA,5
Thur,ISR,K,MEA,5
Elmo,ISR,K,MEA,5
Joki,ISR,K,MEA,4
Kess,ISR,K,MEA,5
Wiza,ISR,A,MEA,5
Azor,ISR,K,MEA,5
Colo,ISR,K,MEA,5
Cung,ISR,A,MEA,5
Paro,IND,D,APAC,5
Koga,IND,D,APAC,5
Lian,IND,D,APAC,5
Saar,IND,D,APAC,5
Down,IND,D,APAC,5
Noor,IND,D,APAC,5
Gude,IND,D,APAC,5
Nora,IND,D,APAC,5
Raso,IND,D,APAC,5
Dahn,IND,D,APAC,5
Loux,IND,D,APAC,5
Folz,IND,D,APAC,5
Fino,IND,D,APAC,5
Kotz,IND,D,APAC,5
Kyte,IND,D,APAC,5
Lard,IND,D,APAC,5
Brum,IND,D,APAC,5
Hora,IND,D,APAC,5
Leer,IND,D,APAC,5
Neto,IND,D,APAC,5
Gebo,IND,D,APAC,5
Kuan,IND,D,APAC,5
Leno,IND,D,APAC,5
Well,IND,D,APAC,5
Craw,IND,D,APAC,5
Nola,IND,D,APAC,5
Grun,IND,A,APAC,4
Ryan,HKG,D,APAC,4
Dunn,HKG,D,APAC,5
Hart,HKG,D,APAC,5
Carr,HKG,D,APAC,5
Cage,HKG,D,APAC,4
Wald,HKG,D,APAC,5
Esau,HKG,D,APAC,2
Behl,HKG,D,APAC,3
Mohs,HKG,D,APAC,3
Lala,HKG,D,APAC,5
Mone,HKG,D,APAC,5
Irey,HKG,D,APAC,5
Tram,HKG,D,APAC,5
Yano,HKG,A,APAC,5
Salm,HKG,D,APAC,3
Muff,HKG,D,APAC,3
Fate,HKG,D,APAC,5
Oder,HKG,D,APAC,5
Kuba,HKG,D,APAC,3
Mino,HKG,D,APAC,5
Mode,HKG,D,APAC,5
Faas,HKG,D,APAC,5
Ewan,HKG,H,APAC,3
Fane,HKG,D,APAC,3
Sabb,HKG,D,APAC,5
Mate,HKG,D,APAC,5
Naas,HKG,D,APAC,5
Poma,HKG,D,APAC,5
Sara,HKG,D,APAC,5
Zier,HKG,D,APAC,3
Ewer,HKG,D,APAC,4
Hick,HKG,G,APAC,3
Galo,HKG,D,APAC,4
Busa,HKG,D,APAC,5
Morr,HKG,I,APAC,5
Fuhs,HKG,I,APAC,5
Dunk,HKG,I,APAC,3
Azad,HKG,I,APAC,5
Ludy,HKG,I,APAC,4
Mahl,HKG,I,APAC,5
Rady,HKG,I,APAC,5
Turi,HKG,I,APAC,4
Fait,HKG,I,APAC,2
Reff,HKG,K,APAC,3
Wurz,HKG,I,APAC,3
Mais,HKG,I,APAC,3
Iser,HKG,K,APAC,3
Smet,HKG,G,APAC,4
Budz,HKG,K,APAC,4
Liew,HKG,K,APAC,4
Tomb,HKG,A,APAC,5
Alma,HKG,A,APAC,4
Heon,HKG,A,APAC,5
Camm,HKG,A,APAC,5
Gase,HKG,A,APAC,5
Lori,HKG,A,APAC,5
Mini,HKG,G,APAC,5
Lais,HKG,A,APAC,5
Ossa,HKG,A,APAC,5
Klus,HKG,A,APAC,5
Orne,HKG,K,APAC,5
Riga,HKG,A,APAC,5
Siek,HKG,A,APAC,5
Alvi,HKG,A,APAC,5
Kief,HKG,A,APAC,5
Cink,HKG,G,APAC,3
Illg,HKG,K,APAC,4
Auck,HKG,K,APAC,3
Enes,HKG,K,APAC,4
Cook,GBR,D,EU,3
Reed,GBR,D,EU,4
Bell,GBR,D,EU,4
Ward,GBR,D,EU,4
Diaz,GBR,K,EU,4
Wood,GBR,D,EU,4
Gray,GBR,D,EU,4
Cruz,GBR,D,EU,4
Long,GBR,D,EU,4
Soto,GBR,D,EU,3
Rios,GBR,D,EU,4
Beck,GBR,D,EU,5
Wade,GBR,D,EU,4
Lowe,GBR,D,EU,5
Byrd,GBR,D,EU,4
Bush,GBR,D,EU,3
Mann,GBR,D,EU,4
Page,GBR,D,EU,5
Love,GBR,I,EU,4
Luna,GBR,D,EU,4
Moss,GBR,D,EU,4
Huff,GBR,D,EU,5
Hood,GBR,D,EU,5
Good,GBR,D,EU,3
Ivey,GBR,D,EU,4
Baez,GBR,D,EU,5
Neff,GBR,D,EU,5
Egan,GBR,D,EU,5
Blue,GBR,D,EU,5
Lacy,GBR,D,EU,5
Gunn,GBR,D,EU,5
Swan,GBR,D,EU,5
Hand,GBR,D,EU,5
Otto,GBR,D,EU,5
Dang,GBR,D,EU,5
Dick,GBR,D,EU,5
Mead,GBR,D,EU,5
Ames,GBR,D,EU,5
Kaur,GBR,D,EU,5
Winn,GBR,D,EU,5
Link,GBR,D,EU,5
Gary,GBR,D,EU,5
Cote,GBR,D,EU,5
Hurt,GBR,D,EU,5
Hoyt,GBR,D,EU,5
Land,GBR,D,EU,5
Doss,GBR,D,EU,5
Dahl,GBR,D,EU,5
Vela,GBR,D,EU,5
Voss,GBR,D,EU,5
Finn,GBR,D,EU,5
Deal,GBR,D,EU,5
Romo,GBR,D,EU,5
Metz,GBR,D,EU,5
Root,GBR,D,EU,5
Beal,GBR,D,EU,5
Toth,GBR,D,EU,5
Hurd,GBR,D,EU,5
Sapp,GBR,D,EU,5
Pina,GBR,D,EU,5
Farr,GBR,D,EU,5
Eddy,GBR,D,EU,5
Ring,GBR,D,EU,5
Yost,GBR,D,EU,5
Cody,GBR,D,EU,5
Epps,GBR,D,EU,5
Rico,GBR,D,EU,5
Penn,GBR,D,EU,5
Weir,GBR,D,EU,5
Pack,GBR,D,EU,5
Rock,GBR,D,EU,5
Mims,GBR,D,EU,5
Abel,GBR,D,EU,5
Gold,GBR,D,EU,5
Cope,GBR,D,EU,5
Doty,GBR,D,EU,5
Keys,GBR,D,EU,5
Kyle,GBR,D,EU,5
Vogt,GBR,D,EU,5
Fair,GBR,D,EU,5
Dill,GBR,D,EU,5
Judd,GBR,D,EU,5
Crum,GBR,D,EU,5
Hoff,GBR,D,EU,5
Jung,GBR,D,EU,5
Keen,GBR,D,EU,5
Blum,GBR,D,EU,5
Mohr,GBR,D,EU,5
Russ,GBR,D,EU,5
Luke,GBR,D,EU,5
Mott,GBR,D,EU,5
Coon,GBR,D,EU,5
Song,GBR,D,EU,5
Bain,GBR,D,EU,5
Read,GBR,D,EU,5
Hope,GBR,D,EU,5
Helm,GBR,D,EU,5
Fong,GBR,D,EU,5
Hawk,GBR,D,EU,5
Baer,GBR,D,EU,5
Parr,GBR,D,EU,5
Duff,GBR,D,EU,5
Baum,GBR,D,EU,5
Gage,GBR,D,EU,5
Mark,GBR,D,EU,5
Doan,GBR,D,EU,5
Ladd,GBR,D,EU,5
Shin,GBR,D,EU,5
Hare,GBR,D,EU,5
Chow,GBR,D,EU,5
Nagy,GBR,D,EU,5
Ruth,GBR,D,EU,5
Thao,GBR,D,EU,5
Sams,GBR,D,EU,5
Earl,GBR,D,EU,5
Jean,GBR,D,EU,5
Mock,GBR,D,EU,5
Gale,GBR,D,EU,5
Pyle,GBR,D,EU,5
Burk,GBR,D,EU,5
Ruff,GBR,D,EU,5
Call,GBR,D,EU,5
Watt,GBR,D,EU,5
Arce,GBR,D,EU,5
Jack,GBR,D,EU,5
Rapp,GBR,D,EU,5
Laws,GBR,D,EU,5
Dias,GBR,D,EU,5
Elam,GBR,D,EU,5
Heck,GBR,D,EU,5
Foss,GBR,D,EU,5
Graf,GBR,D,EU,5
Lima,GBR,D,EU,5
Moya,GBR,D,EU,5
Seay,GBR,D,EU,5
Robb,GBR,D,EU,5
Loyd,GBR,D,EU,5
Bock,GBR,D,EU,5
Harp,GBR,D,EU,5
Dowd,GBR,D,EU,5
Gant,GBR,D,EU,5
Chau,GBR,D,EU,5
Lyle,GBR,D,EU,4
Wahl,GBR,D,EU,5
Holm,GBR,D,EU,5
Mast,GBR,D,EU,5
Babb,GBR,D,EU,5
Main,GBR,D,EU,5
Gann,GBR,D,EU,5
Card,GBR,D,EU,5
Redd,GBR,D,EU,5
Herr,GBR,D,EU,5
Rees,GBR,D,EU,5
Wing,GBR,D,EU,5
East,GBR,D,EU,5
Grey,GBR,D,EU,5
Adam,GBR,D,EU,4
Kolb,GBR,D,EU,5
Zhou,GBR,D,EU,5
Falk,GBR,D,EU,5
Yoon,GBR,D,EU,5
Fine,GBR,D,EU,5
Bach,GBR,D,EU,5
Vest,GBR,D,EU,5
Mesa,GBR,D,EU,5
Reis,GBR,D,EU,5
Chiu,GBR,D,EU,5
Jett,GBR,D,EU,5
Bull,GBR,D,EU,5
Edge,GBR,D,EU,5
Monk,GBR,D,EU,5
Rupp,GBR,D,EU,5
Muse,GBR,D,EU,5
Chun,GBR,D,EU,5
Dial,GBR,D,EU,5
Ness,GBR,D,EU,5
Irby,GBR,D,EU,5
Kong,GBR,D,EU,5
Bair,GBR,D,EU,5
Keck,GBR,D,EU,5
Lenz,GBR,D,EU,5
Kopp,GBR,D,EU,5
Muir,GBR,D,EU,5
Tong,GBR,D,EU,5
Bunn,GBR,D,EU,5
Bone,GBR,D,EU,5
Sell,GBR,D,EU,5
Wren,GBR,D,EU,5
Dees,GBR,D,EU,5
Peek,GBR,D,EU,5
Sage,GBR,D,EU,5
Lira,GBR,D,EU,5
Agee,GBR,D,EU,5
Marr,GBR,D,EU,5
Zhao,GBR,D,EU,5
Dorn,GBR,D,EU,5
Rand,GBR,F,EU,4
Mota,GBR,K,EU,4
Noll,GBR,K,EU,5
Turk,GBR,K,EU,5
Betz,GBR,K,EU,5
Isom,GBR,K,EU,5
Loya,GBR,D,EU,5
Mull,GBR,K,EU,5
Fisk,GBR,D,EU,5
Karr,GBR,D,EU,5
Doll,GBR,D,EU,5
Kunz,GBR,D,EU,5
Tsai,GBR,N,EU,4
Shay,GBR,N,EU,5
Timm,GBR,N,EU,5
Bess,GBR,N,EU,5
Neil,GBR,D,EU,5
Maki,GBR,D,EU,5
Held,GBR,I,EU,5
Reno,GBR,I,EU,5
Kohl,GBR,I,EU,5
Kohn,GBR,D,EU,4
Roby,GBR,D,EU,5
Sabo,GBR,D,EU,5
Seal,GBR,D,EU,5
Ruby,GBR,D,EU,5
Goad,GBR,D,EU,5
Razo,GBR,D,EU,5
Eads,GBR,D,EU,5
Popp,GBR,D,EU,5
Bobo,GBR,D,EU,5
Shen,GBR,D,EU,5
Kaye,GBR,D,EU,5
Cady,GBR,D,EU,5
Teal,GBR,D,EU,5
Pond,GBR,D,EU,5
Munn,GBR,D,EU,5
Pitt,GBR,D,EU,5
Chao,GBR,D,EU,5
Volk,GBR,D,EU,5
Heim,GBR,D,EU,5
Lazo,GBR,D,EU,5
Taft,GBR,D,EU,5
Toro,GBR,D,EU,5
Dell,GBR,D,EU,5
Boss,GBR,D,EU,5
Back,GBR,D,EU,5
Hoke,GBR,D,EU,5
Zink,GBR,D,EU,5
Chew,GBR,D,EU,5
Geer,GBR,D,EU,5
Dube,GBR,D,EU,4
Thai,GBR,D,EU,5
Belt,GBR,D,EU,5
Akin,GBR,D,EU,5
Kish,GBR,D,EU,5
Zook,GBR,D,EU,5
Cave,GBR,D,EU,5
Hair,GBR,D,EU,5
Heil,GBR,D,EU,5
Ling,GBR,D,EU,5
Keel,GBR,D,EU,5
Nall,GBR,D,EU,5
Dion,GBR,D,EU,5
Mill,GBR,D,EU,5
Wild,GBR,D,EU,5
Clem,GBR,D,EU,5
Wick,GBR,D,EU,5
Ives,GBR,D,EU,5
Peak,GBR,D,EU,5
Nino,GBR,D,EU,5
Furr,GBR,D,EU,5
Weed,GBR,D,EU,5
Wilt,GBR,D,EU,5
Enos,GBR,D,EU,5
Jobe,GBR,D,EU,5
Cato,GBR,D,EU,5
Troy,GBR,D,EU,5
Budd,GBR,D,EU,5
Belk,GBR,D,EU,3
Rule,GBR,D,EU,5
Beer,GBR,D,EU,4
Zinn,GBR,D,EU,5
Cory,GBR,D,EU,5
Raya,GBR,D,EU,4
Tull,GBR,D,EU,3
Quan,GBR,D,EU,4
Harr,GBR,D,EU,4
Sung,GBR,D,EU,4
Hang,GBR,D,EU,4
Lupo,GBR,D,EU,4
Yuan,GBR,D,EU,4
Korn,GBR,D,EU,4
Rick,GBR,D,EU,3
Sand,GBR,D,EU,4
Curl,GBR,D,EU,5
Kell,GBR,D,EU,5
Wash,GBR,D,EU,5
Matz,GBR,D,EU,4
Choy,GBR,D,EU,5
Grau,GBR,D,EU,5
Haun,GBR,D,EU,5
Volz,GBR,D,EU,5
Roos,GBR,D,EU,5
Roll,GBR,D,EU,5
Hock,GBR,D,EU,5
Rome,GBR,D,EU,5
Caro,GBR,D,EU,4
Keil,GBR,D,EU,4
Cool,GBR,D,EU,4
Dyke,GBR,D,EU,4
Lora,GBR,D,EU,4
Haug,GBR,D,EU,4
Hupp,GBR,K,EU,2
Juan,GBR,K,EU,3
Izzo,GBR,K,EU,3
Saad,GBR,K,EU,4
More,GBR,D,EU,3
Walk,GBR,K,EU,4
Huth,GBR,D,EU,4
Odum,GBR,D,EU,4
Deng,GBR,D,EU,4
Deen,GBR,D,EU,4
Shih,GBR,D,EU,5
Lail,GBR,K,EU,3
Papp,GBR,K,EU,4
Roop,GBR,K,EU,5
Hoey,GBR,K,EU,5
Guan,GBR,K,EU,5
Kean,GBR,K,EU,5
Dann,GBR,K,EU,5
Brim,GBR,K,EU,5
Poon,GBR,K,EU,5
Shim,GBR,K,EU,5
Sohn,GBR,K,EU,5
Look,GBR,K,EU,5
Mele,GBR,K,EU,5
Dave,GBR,K,EU,5
Maye,GBR,K,EU,5
Lamp,GBR,K,EU,5
Rein,GBR,K,EU,5
Hans,GBR,K,EU,5
Hawn,GBR,K,EU,5
Bang,GBR,K,EU,5
Croy,GBR,K,EU,5
Jost,GBR,K,EU,5
Kapp,GBR,K,EU,5
Bove,GBR,K,EU,4
Slay,GBR,K,EU,5
Maus,GBR,F,EU,5
Higa,GBR,K,EU,5
Groh,GBR,K,EU,5
Powe,GBR,K,EU,5
Zack,GBR,K,EU,5
Rost,GBR,K,EU,5
Fant,GBR,K,EU,5
Jump,GBR,K,EU,5
Spry,GBR,G,EU,5
Lotz,GBR,K,EU,5
Mash,GBR,K,EU,5
Crew,GBR,K,EU,5
Kutz,GBR,K,EU,5
Fehr,GBR,K,EU,5
Odle,GBR,K,EU,5
Tung,GBR,K,EU,5
Mori,GBR,K,EU,5
Nero,GBR,K,EU,5
Bing,GBR,K,EU,5
Arms,GBR,K,EU,5
Rana,GBR,K,EU,5
Gish,GBR,K,EU,5
Bibb,GBR,K,EU,5
June,GBR,K,EU,5
Chon,GBR,K,EU,5
Eder,GBR,K,EU,5
Kurz,GBR,K,EU,5
Work,GBR,K,EU,5
Meng,GBR,F,EU,5
Tutt,GBR,K,EU,5
Core,GBR,K,EU,5
Hake,GBR,K,EU,5
Deas,GBR,K,EU,5
List,GBR,K,EU,5
Awad,GBR,K,EU,5
Poss,GBR,K,EU,5
Krol,GBR,K,EU,5
Hine,GBR,K,EU,5
Berk,GBR,K,EU,5
Earp,GBR,K,EU,5
Peer,GBR,K,EU,5
Cann,GBR,K,EU,5
Lair,GBR,K,EU,5
Nair,GBR,K,EU,5
Nuss,GBR,K,EU,5
Kamp,GBR,K,EU,5
Eady,GBR,K,EU,5
Just,GBR,K,EU,5
Oday,GBR,K,EU,5
Zeng,GBR,K,EU,4
Argo,GBR,K,EU,5
Cram,GBR,K,EU,5
Pray,GBR,K,EU,5
Kwak,GBR,K,EU,5
Ober,GBR,K,EU,5
Behr,GBR,K,EU,5
Ayon,GBR,K,EU,4
Haws,GBR,K,EU,4
Coss,GBR,K,EU,3
Paiz,GBR,K,EU,4
Laux,GBR,K,EU,5
Boos,GBR,K,EU,5
Sack,GBR,K,EU,5
Dear,GBR,K,EU,5
Kiss,GBR,K,EU,5
Huhn,GBR,K,EU,5
Bugg,GBR,K,EU,5
Seng,GBR,K,EU,5
Lahr,GBR,K,EU,5
Gibb,GBR,K,EU,5
Batt,GBR,K,EU,5
Ruch,GBR,K,EU,5
Mier,GBR,K,EU,5
Lark,GBR,K,EU,5
Yong,GBR,K,EU,5
Bova,GBR,K,EU,5
Dame,GBR,K,EU,5
Doak,GBR,K,EU,5
Bash,GBR,K,EU,4
Kass,GBR,K,EU,5
Sale,GBR,K,EU,5
Byer,GBR,K,EU,4
Hord,GBR,K,EU,5
Aman,GBR,K,EU,5
Rael,GBR,K,EU,5
Eide,GBR,K,EU,5
Bish,GBR,K,EU,5
Blow,GBR,K,EU,5
Guth,GBR,K,EU,5
Said,GBR,K,EU,5
Rhee,GBR,K,EU,5
Rode,GBR,K,EU,5
Pera,GBR,K,EU,5
Copp,GBR,K,EU,5
Garr,GBR,K,EU,5
Mike,GBR,K,EU,5
Daye,GBR,K,EU,5
Rupe,GBR,K,EU,5
Mauk,GBR,K,EU,4
Hutt,GBR,K,EU,5
Dart,GBR,K,EU,5
Sala,GBR,K,EU,5
Auer,GBR,P,EU,5
Chea,GBR,K,EU,5
Oney,GBR,K,EU,5
Liss,GBR,K,EU,5
Bobb,GBR,K,EU,4
Sias,GBR,K,EU,4
Dail,GBR,K,EU,4
Waid,GBR,D,EU,3
Zehr,GBR,D,EU,5
Bonk,GBR,D,EU,5
Kelm,GBR,D,EU,5
Topp,GBR,D,EU,5
Issa,GBR,D,EU,5
Luft,GBR,D,EU,5
Putt,GBR,D,EU,5
Faul,GBR,D,EU,5
Adan,GBR,D,EU,5
Lipe,GBR,D,EU,5
Coke,GBR,D,EU,5
Cork,GBR,D,EU,5
Yawn,GBR,D,EU,5
Wind,GBR,D,EU,4
Vila,GBR,D,EU,5
Hara,GBR,D,EU,5
Rohn,GBR,D,EU,5
Veit,GBR,D,EU,5
Lile,GBR,D,EU,5
Jude,GBR,D,EU,5
Hatt,GBR,D,EU,5
Birt,GBR,D,EU,5
Mork,GBR,D,EU,5
Wolk,GBR,D,EU,5
Guss,GBR,D,EU,5
Kehl,GBR,D,EU,5
Nitz,GBR,D,EU,5
Fein,GBR,D,EU,5
Heid,GBR,D,EU,5
Mair,GBR,D,EU,5
Paik,GBR,D,EU,5
Cape,GBR,D,EU,5
Cabe,GBR,D,EU,5
Como,GBR,D,EU,5
Motz,GBR,D,EU,5
Pink,GBR,D,EU,5
Quam,GBR,D,EU,5
Taub,GBR,D,EU,5
Wake,GBR,D,EU,5
Bast,GBR,D,EU,4
Tuma,GBR,C,EU,5
Kopf,GBR,D,EU,5
Mina,GBR,D,EU,5
Orme,GBR,D,EU,5
Hice,GBR,D,EU,4
Klee,GBR,D,EU,5
Frei,GBR,D,EU,5
Lago,GBR,D,EU,5
Moak,GBR,D,EU,5
Elms,GBR,D,EU,5
Bohm,GBR,D,EU,5
Buch,GBR,D,EU,5
Bade,GBR,D,EU,5
Imes,GBR,D,EU,5
Maly,GBR,D,EU,5
Yohe,GBR,D,EU,5
Beil,GBR,D,EU,5
Inge,GBR,D,EU,4
Moir,GBR,D,EU,5
Nott,GBR,D,EU,5
Mumm,GBR,D,EU,5
Asay,GBR,D,EU,5
Biel,GBR,D,EU,5
Nova,GBR,D,EU,5
Pons,GBR,D,EU,5
Kitt,GBR,D,EU,5
Loop,GBR,D,EU,5
Foye,GBR,D,EU,5
Jeon,GBR,D,EU,5
Nies,GBR,D,EU,5
Pier,GBR,D,EU,5
Juhl,GBR,D,EU,5
Coil,GBR,D,EU,5
Lobb,GBR,G,EU,5
Neer,GBR,D,EU,5
Fray,GBR,D,EU,5
Amey,GBR,D,EU,5
Rada,GBR,D,EU,5
Huse,GBR,F,EU,5
Musa,GBR,D,EU,5
Aron,GBR,D,EU,5
Rago,GBR,D,EU,5
Rutt,GBR,D,EU,5
Voth,GBR,D,EU,5
Tank,GBR,D,EU,5
Bonn,GBR,D,EU,5
Tosh,GBR,D,EU,5
Hoye,GBR,D,EU,5
Manz,GBR,D,EU,5
Catt,GBR,D,EU,5
Boon,GBR,D,EU,5
Puma,GBR,D,EU,5
Abdi,GBR,D,EU,5
Puls,GBR,D,EU,5
Brew,GBR,D,EU,5
Emig,GBR,D,EU,5
Gear,GBR,D,EU,5
Cull,GBR,D,EU,5
Muck,GBR,D,EU,5
Peed,GBR,D,EU,5
Ruan,GBR,D,EU,5
Soza,GBR,D,EU,5
Karn,GBR,D,EU,5
Lyda,GBR,D,EU,5
Wyss,GBR,D,EU,5
Vyas,GBR,D,EU,5
Trim,GBR,D,EU,5
Ruck,GBR,D,EU,5
Eich,GBR,D,EU,5
Sinn,GBR,D,EU,5
Hepp,GBR,D,EU,5
Belz,GBR,G,EU,5
Dahm,GBR,D,EU,5
Dyal,GBR,D,EU,5
Gent,GBR,D,EU,5
Shum,GBR,D,EU,5
Amon,GBR,D,EU,5
Loar,GBR,D,EU,5
Gano,GBR,D,EU,5
Putz,GBR,D,EU,5
Nock,GBR,D,EU,5
Sieg,GBR,D,EU,5
Wann,GBR,D,EU,5
Helt,GBR,D,EU,5
Evan,GBR,D,EU,5
Hohl,GBR,D,EU,5
Lisk,GBR,D,EU,5
Tune,GBR,D,EU,5
Curd,GBR,D,EU,5
Banh,GBR,D,EU,5
Eure,GBR,A,EU,5
Pfau,GBR,D,EU,5
Yohn,GBR,D,EU,5
Bown,GBR,D,EU,5
Hole,GBR,D,EU,5
Jaco,GBR,A,EU,5
Poll,GBR,A,EU,5
Nale,GBR,A,EU,5
Lesh,GBR,A,EU,5
Mang,GBR,A,EU,5
Kier,GBR,A,EU,5
Ewen,GBR,A,EU,5
Perl,GBR,A,EU,5
Harn,GBR,A,EU,5
Lage,GBR,A,EU,5
Shao,GBR,A,EU,5
Iyer,GBR,D,EU,5
Prim,GBR,D,EU,5
Wein,GBR,A,EU,5
Puig,GBR,D,EU,5
Daub,GBR,D,EU,5
Welk,GBR,D,EU,5
Sica,GBR,D,EU,5
Tien,GBR,D,EU,4
Leet,GBR,D,EU,5
Wark,GBR,D,EU,5
Ocon,GBR,D,EU,3
Buda,GBR,D,EU,4
Beem,GBR,D,EU,5
Hotz,GBR,D,EU,5
Baek,GBR,D,EU,5
Mahr,GBR,D,EU,5
Heer,GBR,D,EU,5
Modi,GBR,D,EU,5
Bert,GBR,D,EU,5
Bien,GBR,D,EU,5
Gose,GBR,N,EU,5
Hild,GBR,D,EU,5
Capo,GBR,D,EU,5
Gran,GBR,D,EU,5
Nath,GBR,D,EU,5
Zang,GBR,D,EU,5
Lute,GBR,D,EU,5
Jone,GBR,D,EU,5
Lisi,GBR,D,EU,5
Soni,GBR,D,EU,5
Eger,GBR,D,EU,5
Kott,GBR,D,EU,5
Rist,GBR,D,EU,5
Pozo,GBR,D,EU,5
Leib,GBR,D,EU,5
Knop,GBR,D,EU,5
Aoki,GBR,D,EU,5
Caba,GBR,D,EU,5
Naik,GBR,D,EU,5
Solt,GBR,D,EU,5
Dyck,GBR,D,EU,5
Bucy,GBR,D,EU,5
Feil,GBR,D,EU,5
Joya,GBR,D,EU,5
Goll,GBR,D,EU,5
Teer,GBR,D,EU,5
Star,GBR,D,EU,5
Zick,GBR,D,EU,5
Hyun,GBR,D,EU,5
Abdo,GBR,D,EU,5
Fout,GBR,D,EU,5
Wenz,GBR,D,EU,5
Wada,GBR,D,EU,5
Wass,GBR,D,EU,5
Fuss,GBR,D,EU,4
Last,GBR,D,EU,5
Most,GBR,D,EU,5
Barb,GBR,D,EU,5
Tieu,GBR,D,EU,5
Dowe,GBR,D,EU,5
Raub,GBR,D,EU,5
Iler,GBR,D,EU,5
Prue,GBR,D,EU,5
Haan,GBR,D,EU,5
Loud,GBR,D,EU,5
Rayo,GBR,D,EU,5
Fulp,GBR,D,EU,5
Krum,GBR,D,EU,4
Coop,GBR,D,EU,5
Lama,GBR,D,EU,5
Diem,GBR,D,EU,5
Bahe,GBR,D,EU,5
Dray,GBR,D,EU,5
Wurm,GBR,D,EU,5
Loew,GBR,D,EU,5
Bate,GBR,D,EU,5
Rish,GBR,D,EU,4
Oram,GBR,P,EU,5
Mell,GBR,D,EU,5
Bick,GBR,D,EU,5
Ptak,GBR,D,EU,5
Bohr,GBR,D,EU,5
Roma,GBR,D,EU,5
Fear,GBR,D,EU,5
Kash,GBR,D,EU,5
Mall,GBR,D,EU,5
Vito,GBR,D,EU,5
Heap,GBR,D,EU,5
Wohl,GBR,D,EU,5
Yard,GBR,D,EU,5
File,GBR,D,EU,5
Hove,GBR,D,EU,5
Swim,GBR,D,EU,5
Gipe,GBR,D,EU,5
Aten,GBR,D,EU,5
Eyer,GBR,D,EU,5
Tome,GBR,D,EU,5
Zhen,GBR,D,EU,5
Luca,GBR,D,EU,5
Munk,GBR,D,EU,5
Nims,GBR,D,EU,5
Male,GBR,D,EU,5
Noga,GBR,D,EU,5
Amen,GBR,D,EU,5
Fred,GBR,D,EU,5
Ryba,GBR,D,EU,5
Endo,GBR,D,EU,5
Buse,GBR,G,EU,5
Days,GBR,D,EU,5
Eash,GBR,P,EU,5
Font,GBR,D,EU,5
Teed,GBR,D,EU,5
Wile,GBR,D,EU,5
Avey,GBR,D,EU,5
Cora,GBR,D,EU,5
Vose,GBR,D,EU,5
Oren,GBR,D,EU,5
Dike,GBR,D,EU,5
Herz,GBR,D,EU,5
Near,GBR,D,EU,5
Tian,GBR,D,EU,5
Tebo,GBR,D,EU,5
Pech,GBR,D,EU,5
Wint,GBR,D,EU,3
Arey,GBR,D,EU,5
Dawe,GBR,D,EU,5
Raye,GBR,D,EU,5
Haig,GBR,D,EU,5
Kehr,GBR,D,EU,5
Vita,GBR,D,EU,5
Bubb,GBR,D,EU,5
Losh,GBR,D,EU,5
Aust,GBR,D,EU,5
Tews,GBR,D,EU,5
Gash,GBR,D,EU,5
Hauk,GBR,D,EU,5
Mera,GBR,D,EU,5
Rahm,GBR,D,EU,5
Coca,GBR,D,EU,5
Bahl,GBR,D,EU,5
Maez,GBR,D,EU,5
Fuhr,GBR,D,EU,5
Voll,GBR,D,EU,5
Zach,GBR,D,EU,5
Olmo,GBR,D,EU,4
Pita,GBR,D,EU,5
Zepp,GBR,D,EU,5
Deeb,GBR,D,EU,5
Haus,GBR,D,EU,5
Garg,GBR,D,EU,5
Sanz,GBR,D,EU,5
Baba,GBR,D,EU,5
Cuba,GBR,D,EU,5
Muto,GBR,D,EU,5
Mero,GBR,D,EU,5
Osby,GBR,D,EU,5
Byas,GBR,D,EU,5
Lyke,GBR,D,EU,5
Burn,GBR,D,EU,5
Nold,GBR,D,EU,5
Host,GBR,D,EU,5
Denn,GBR,D,EU,5
Baas,GBR,D,EU,5
Kump,GBR,D,EU,5
Tack,GBR,D,EU,4
Warf,GBR,D,EU,4
Meli,GBR,D,EU,5
Sego,GBR,D,EU,5
Rech,GBR,D,EU,5
Kase,GBR,D,EU,5
Yopp,GBR,D,EU,5
Eves,GBR,D,EU,5
Luiz,GBR,D,EU,5
Situ,GBR,D,EU,5
Rubi,GBR,D,EU,4
Eoff,GBR,D,EU,5
Fava,GBR,D,EU,5
Chia,GBR,D,EU,5
Pung,GBR,D,EU,5
Koza,GBR,D,EU,3
Ells,GBR,D,EU,5
Mari,GBR,D,EU,5
Hund,GBR,D,EU,5
Wire,GBR,D,EU,5
Than,GBR,D,EU,5
Rizk,GBR,D,EU,5
Rotz,GBR,D,EU,5
Vida,GBR,D,EU,5
Hoel,GBR,D,EU,5
Stow,GBR,D,EU,5
Zoll,GBR,D,EU,5
Lynd,GBR,D,EU,4
Aube,GBR,D,EU,5
Knee,GBR,D,EU,5
Lust,GBR,D,EU,4
Mira,GBR,D,EU,4
Hird,GBR,D,EU,5
Aday,GBR,D,EU,5
Toft,GBR,D,EU,5
Faye,GBR,D,EU,5
Stam,GBR,D,EU,5
Baze,GBR,D,EU,5
Seim,GBR,D,EU,5
Erby,GBR,D,EU,5
Homa,GBR,D,EU,5
Deno,GBR,D,EU,5
Saha,GBR,D,EU,5
Omer,GBR,D,EU,5
Mole,GBR,D,EU,5
Novy,GBR,D,EU,5
Peal,GBR,D,EU,5
Arno,GBR,D,EU,5
Colt,GBR,D,EU,5
Gatz,GBR,D,EU,5
Krom,GBR,D,EU,5
Ngai,GBR,D,EU,5
Sepe,GBR,D,EU,5
Fath,GBR,D,EU,5
Gero,GBR,D,EU,4
Tann,GBR,D,EU,5
Cahn,GBR,D,EU,5
Rauh,GBR,D,EU,5
Toto,GBR,D,EU,5
Amis,GBR,D,EU,5
Walt,GBR,D,EU,4
Amar,GBR,D,EU,5
Lech,GBR,D,EU,5
Yant,GBR,D,EU,5
Behn,GBR,D,EU,5
Duet,GBR,D,EU,5
Lush,GBR,D,EU,5
Neve,GBR,D,EU,5
Duca,GBR,D,EU,5
Cast,GBR,D,EU,5
Lown,GBR,D,EU,5
Koll,GBR,D,EU,5
Tone,GBR,D,EU,5
Svec,GBR,D,EU,5
Sant,GBR,D,EU,5
Leap,GBR,D,EU,3
Rape,GBR,D,EU,4
Bley,GBR,D,EU,5
Mund,GBR,D,EU,5
Boni,GBR,D,EU,5
Prom,GBR,D,EU,5
Diel,GBR,D,EU,5
Ange,GBR,D,EU,5
Puri,GBR,D,EU,5
Corp,GBR,D,EU,5
Bitz,GBR,D,EU,5
Noda,GBR,D,EU,5
Vora,GBR,D,EU,5
Kono,GBR,D,EU,5
Iman,GBR,D,EU,5
Janz,GBR,D,EU,5
Cort,GBR,D,EU,5
Rufo,GBR,D,EU,5
Such,GBR,D,EU,5
Duhe,GBR,D,EU,5
Riha,GBR,D,EU,4
Greb,GBR,D,EU,5
Fama,GBR,D,EU,5
Konz,GBR,D,EU,5
Mian,GBR,D,EU,5
Quay,GBR,D,EU,5
Boen,GBR,D,EU,5
Nedd,GBR,D,EU,5
Geil,GBR,D,EU,5
Leng,GBR,D,EU,4
Sime,GBR,D,EU,5
Sall,GBR,D,EU,5
Saum,GBR,D,EU,5
Zima,GBR,D,EU,5
Hing,GBR,D,EU,5
Tash,GBR,G,EU,5
Ates,GBR,D,EU,5
Gang,GBR,G,EU,5
Rita,GBR,G,EU,5
Haye,GBR,G,EU,5
Joel,GBR,G,EU,5
Taha,GBR,G,EU,5
Zuck,GBR,D,EU,5
Roig,GBR,D,EU,5
Amer,GBR,D,EU,5
Kort,GBR,D,EU,5
Seel,GBR,D,EU,4
Tony,GBR,D,EU,5
Kube,GBR,D,EU,5
Neis,GBR,D,EU,5
Gosa,GBR,D,EU,5
Duan,GBR,D,EU,4
Gurr,GBR,D,EU,5
Basu,GBR,D,EU,5
Thon,GBR,D,EU,5
Viau,GBR,D,EU,5
Lull,GBR,D,EU,5
Reta,GBR,D,EU,5
Rugh,GBR,D,EU,5
Buth,GBR,D,EU,5
Laue,GBR,D,EU,5
Pett,GBR,D,EU,5
Birr,GBR,D,EU,5
Sera,GBR,D,EU,5
Loth,GBR,D,EU,5
Coby,GBR,I,EU,2
Noce,GBR,I,EU,4
Seed,GBR,I,EU,4
Zoch,GBR,I,EU,5
Soos,GBR,I,EU,5
Vohs,GBR,I,EU,5
Naff,GBR,I,EU,5
Lenk,GBR,G,EU,5
Azam,GBR,I,EU,5
Bupp,GBR,I,EU,5
Ezzo,GBR,I,EU,5
Mihm,GBR,I,EU,4
Boye,GBR,I,EU,5
Dina,GBR,F,EU,5
Opie,GBR,I,EU,4
Gura,GBR,I,EU,4
Wand,GBR,I,EU,5
Koos,GBR,I,EU,5
Novo,GBR,I,EU,5
Olen,GBR,I,EU,5
Rong,GBR,I,EU,4
Hoon,GBR,I,EU,5
Perz,GBR,I,EU,5
Sada,GBR,I,EU,5
Bina,GBR,I,EU,5
Wims,GBR,I,EU,5
Zent,GBR,I,EU,5
Fata,GBR,I,EU,5
Gorr,GBR,I,EU,4
Zola,GBR,I,EU,4
Kinn,GBR,I,EU,3
Shor,GBR,I,EU,3
Gaye,GBR,I,EU,3
Kroh,GBR,I,EU,3
Rodd,GBR,I,EU,3
Seck,GBR,I,EU,4
Lemm,GBR,I,EU,3
Zaki,GBR,I,EU,2
Azua,GBR,I,EU,5
Zeck,GBR,I,EU,5
Nard,GBR,I,EU,5
Onan,GBR,I,EU,5
Auth,GBR,I,EU,5
Inks,GBR,I,EU,5
Kaus,GBR,I,EU,4
Asad,GBR,I,EU,5
Eury,GBR,A,EU,5
Giza,GBR,I,EU,5
Cava,GBR,I,EU,5
Emry,GBR,I,EU,5
Sima,GBR,I,EU,5
Diop,GBR,I,EU,5
Doke,GBR,I,EU,5
Iden,GBR,I,EU,5
Goon,GBR,I,EU,5
Biss,GBR,I,EU,5
Fees,GBR,I,EU,5
Hauf,GBR,I,EU,5
Nyce,GBR,I,EU,5
Pich,GBR,I,EU,5
Zeis,GBR,I,EU,5
Rigo,GBR,I,EU,5
Dumm,GBR,I,EU,5
Moes,GBR,I,EU,5
Boda,GBR,I,EU,5
Lank,GBR,I,EU,5
Kray,GBR,I,EU,5
Naab,GBR,I,EU,5
Hoot,GBR,I,EU,5
Mona,GBR,I,EU,5
Muhs,GBR,I,EU,5
Tino,GBR,I,EU,5
Dose,GBR,I,EU,5
Tacy,GBR,I,EU,5
Neeb,GBR,I,EU,5
Valk,GBR,I,EU,5
Burl,GBR,I,EU,5
Cina,GBR,I,EU,5
Dubs,GBR,I,EU,5
Peri,GBR,I,EU,5
Lawn,GBR,I,EU,5
Szot,GBR,I,EU,5
Fels,GBR,I,EU,5
Dues,GBR,I,EU,5
Pion,GBR,I,EU,5
Keir,GBR,I,EU,5
Nole,GBR,I,EU,5
Pole,GBR,I,EU,5
Bren,GBR,I,EU,5
Devi,GBR,I,EU,5
Dine,GBR,I,EU,5
Jeng,GBR,I,EU,5
Shon,GBR,I,EU,5
Plew,GBR,I,EU,5
Saur,GBR,I,EU,5
Boza,GBR,I,EU,5
Peru,GBR,I,EU,5
Baar,GBR,I,EU,5
Espe,GBR,I,EU,5
Lare,GBR,I,EU,5
Rhew,GBR,I,EU,5
Wack,GBR,I,EU,5
Char,GBR,I,EU,5
Slee,GBR,I,EU,5
Buza,GBR,I,EU,5
Rike,GBR,I,EU,5
Haft,GBR,I,EU,5
Haid,GBR,I,EU,5
Fake,GBR,I,EU,5
Ritt,GBR,I,EU,5
Wolz,GBR,I,EU,5
Nagi,GBR,I,EU,5
Muns,GBR,I,EU,4
Daul,GBR,G,EU,3
Lyde,GBR,I,EU,4
Olan,GBR,I,EU,4
Wach,GBR,G,EU,5
Latu,GBR,G,EU,5
Odem,GBR,G,EU,5
Rado,GBR,G,EU,5
Idol,GBR,G,EU,5
Welp,GBR,G,EU,5
Care,GBR,G,EU,5
Holy,GBR,G,EU,5
Kieu,GBR,G,EU,5
Uthe,GBR,G,EU,5
Tuft,GBR,I,EU,4
Delo,GBR,I,EU,4
Dier,GBR,I,EU,5
Ihde,GBR,I,EU,5
Rang,GBR,I,EU,5
Yell,GBR,I,EU,4
Zeek,GBR,I,EU,5
Deon,GBR,I,EU,5
Lepp,GBR,I,EU,5
Geng,GBR,I,EU,5
Bodi,GBR,I,EU,5
Hugg,GBR,I,EU,5
Renk,GBR,I,EU,5
Weik,GBR,I,EU,5
Band,GBR,I,EU,5
Laur,GBR,I,EU,5
Evon,GBR,I,EU,5
Ensz,GBR,I,EU,5
Naso,GBR,I,EU,5
Comp,GBR,I,EU,5
Hori,GBR,I,EU,5
Welz,GBR,I,EU,5
Riso,GBR,I,EU,5
Solo,GBR,I,EU,5
Vona,GBR,I,EU,5
Bois,GBR,I,EU,5
Rack,GBR,I,EU,5
Cham,GBR,I,EU,5
Jens,GBR,I,EU,4
Lege,GBR,I,EU,5
Dace,GBR,I,EU,5
Drey,GBR,I,EU,5
Haen,GBR,I,EU,5
Kone,GBR,I,EU,5
Acre,GBR,I,EU,5
Bein,GBR,I,EU,5
Bosh,GBR,I,EU,4
Joss,GBR,I,EU,5
Tesh,GBR,I,EU,5
Veno,GBR,I,EU,5
Roen,GBR,I,EU,4
Shad,GBR,I,EU,4
Aros,GBR,I,EU,5
Bryk,GBR,I,EU,5
Grad,GBR,I,EU,5
Leid,GBR,I,EU,5
Enke,GBR,I,EU,4
Guhl,GBR,I,EU,4
Aven,GBR,I,EU,4
Elks,GBR,I,EU,4
Obey,GBR,I,EU,4
Mess,GBR,I,EU,4
Shiu,GBR,I,EU,3
Weck,GBR,I,EU,4
Kyer,GBR,I,EU,3
Lose,GBR,I,EU,3
Soon,GBR,I,EU,3
Gola,GBR,I,EU,3
Debo,GBR,I,EU,4
Krok,GBR,I,EU,4
Qazi,GBR,F,EU,4
Rach,GBR,K,EU,5
Sida,GBR,K,EU,5
Aris,GBR,K,EU,5
Loan,GBR,K,EU,2
Muma,GBR,K,EU,4
Coin,GBR,K,EU,5
Frie,GBR,K,EU,5
Lupe,GBR,C,EU,5
Bour,GBR,A,EU,5
Haji,GBR,A,EU,5
Mola,GBR,K,EU,3
Mont,GBR,K,EU,4
Blan,GBR,K,EU,4
Howk,GBR,I,EU,2
Chay,GBR,K,EU,3
Erie,GBR,C,EU,4
Hoit,GBR,K,EU,4
Bake,GBR,K,EU,4
Okey,GBR,C,EU,3
Dern,GBR,K,EU,3
Igou,GBR,K,EU,3
Hime,GBR,I,EU,3
Raap,GBR,K,EU,4
Ramp,GBR,K,EU,4
Nead,GBR,K,EU,3
Soja,GBR,K,EU,4
Mank,GBR,K,EU,3
Meda,GBR,K,EU,3
Myre,GBR,K,EU,4
Pall,GBR,K,EU,3
Goth,GBR,K,EU,3
Vane,GBR,K,EU,3
Iams,GBR,K,EU,4
Lynk,GBR,K,EU,5
Maia,GBR,K,EU,4
Srey,GBR,G,EU,3
Sirk,GBR,G,EU,4
Coey,GBR,G,EU,5
Mato,GBR,K,EU,5
Much,GBR,G,EU,4
Soda,GBR,G,EU,5
Abts,GBR,K,EU,4
Aley,GBR,C,EU,3
Kerl,GBR,G,EU,3
Retz,GBR,K,EU,4
Asif,GBR,K,EU,4
Laye,GBR,G,EU,5
Moad,GBR,G,EU,5
Addo,GBR,G,EU,5
Moog,GBR,G,EU,5
Miko,GBR,G,EU,5
Motl,GBR,K,EU,4
Abid,GBR,G,EU,5
Acey,GBR,G,EU,5
Crye,GBR,G,EU,5
Kolk,GBR,G,EU,5
Obie,GBR,G,EU,5
Dada,GBR,G,EU,5
Nase,GBR,P,EU,5
Shed,GBR,G,EU,5
Sama,GBR,G,EU,5
Zank,GBR,G,EU,5
Bagg,GBR,G,EU,5
Byrn,GBR,G,EU,5
Alms,GBR,K,EU,5
Ayub,GBR,G,EU,3
Czyz,GBR,G,EU,2
Shek,GBR,G,EU,4
Daus,GBR,G,EU,4
Gras,GBR,G,EU,4
Horr,GBR,G,EU,4
Remo,GBR,G,EU,4
Smid,GBR,G,EU,4
Cott,GBR,G,EU,4
Fero,GBR,G,EU,4
Houp,GBR,G,EU,3
Wiss,GBR,C,EU,3
Zysk,GBR,A,EU,4
Agha,GBR,A,EU,5
Aung,GBR,A,EU,5
Fahl,GBR,A,EU,5
Hadi,GBR,A,EU,5
Seif,GBR,A,EU,5
Bria,GBR,A,EU,5
Ning,GBR,P,EU,5
Tays,GBR,A,EU,5
Voge,GBR,A,EU,5
Dost,GBR,A,EU,5
Gohr,GBR,A,EU,5
Kivi,GBR,A,EU,5
Nina,GBR,A,EU,5
Soth,GBR,A,EU,5
Bobe,GBR,A,EU,5
Botz,GBR,A,EU,5
Smay,GBR,A,EU,5
Gamm,GBR,A,EU,5
Hanf,GBR,A,EU,5
Deol,GBR,A,EU,5
Ertz,GBR,A,EU,5
Hoos,GBR,A,EU,5
Zhan,GBR,A,EU,5
Kuna,GBR,A,EU,5
Riek,GBR,A,EU,5
Zaun,GBR,A,EU,5
Anda,GBR,A,EU,5
Naus,GBR,A,EU,5
Krog,GBR,A,EU,5
Tree,GBR,A,EU,5
Tsan,GBR,A,EU,5
Aime,GBR,A,EU,5
Fahs,GBR,A,EU,5
Ogas,GBR,A,EU,5
Gaby,GBR,A,EU,5
Hehr,GBR,A,EU,5
Hoda,GBR,A,EU,5
Rise,GBR,A,EU,5
Sawa,GBR,A,EU,5
Bena,GBR,A,EU,5
Gago,GBR,A,EU,5
Cayo,GBR,A,EU,4
Sako,GBR,A,EU,5
Skok,GBR,A,EU,5
Kham,GBR,A,EU,5
Tess,GBR,A,EU,5
Vonk,GBR,A,EU,5
Gaba,GBR,A,EU,5
Gahr,GBR,A,EU,5
Kady,GBR,A,EU,5
Koci,GBR,A,EU,5
Lato,GBR,A,EU,5
Lyng,GBR,A,EU,5
Herl,GBR,A,EU,5
Simi,GBR,A,EU,5
Velo,GBR,A,EU,5
Bula,GBR,A,EU,5
Elza,GBR,A,EU,5
Vinh,GBR,A,EU,5
Posa,GBR,A,EU,5
Rann,GBR,A,EU,5
Stai,GBR,A,EU,5
Arne,GBR,A,EU,5
Brus,GBR,A,EU,5
Frix,GBR,A,EU,5
Gara,GBR,A,EU,5
Jing,GBR,A,EU,5
Vina,GBR,A,EU,5
Ledo,GBR,A,EU,5
Hade,GBR,A,EU,5
Heeg,GBR,A,EU,5
Iida,GBR,A,EU,5
Asta,GBR,A,EU,5
Dura,GBR,A,EU,5
Rawl,GBR,A,EU,5
Arya,GBR,A,EU,5
Aton,GBR,A,EU,5
Vrba,GBR,A,EU,5
Bann,GBR,A,EU,5
Gatt,GBR,A,EU,5
Kauk,GBR,A,EU,4
Kosh,GBR,A,EU,5
Oley,GBR,A,EU,5
Lunz,GBR,A,EU,5
Bult,GBR,A,EU,5
Duma,GBR,A,EU,5
From,GBR,A,EU,5
Jabs,GBR,A,EU,5
Savo,GBR,A,EU,5
Wyke,GBR,A,EU,5
Blok,GBR,A,EU,5
Coye,GBR,A,EU,5
Akre,GBR,A,EU,5
Cona,GBR,A,EU,5
Emde,GBR,A,EU,5
Lory,GBR,A,EU,5
Acri,GBR,A,EU,5
Clos,GBR,A,EU,5
Arca,GBR,A,EU,5
Hyle,GBR,A,EU,5
Rima,GBR,A,EU,5
Coar,GBR,A,EU,5
Saam,GBR,A,EU,5
Belo,GBR,A,EU,5
Rias,GBR,I,EU,5
Yeck,GBR,A,EU,5
Grom,GBR,A,EU,5
Sare,GBR,A,EU,5
Baka,GBR,A,EU,5
Gair,GBR,A,EU,5
Hada,GBR,A,EU,5
Niro,GBR,A,EU,5
Sion,GBR,A,EU,5
Teas,GBR,A,EU,5
Orbe,GBR,A,EU,5
Poke,GBR,A,EU,5
Robl,GBR,A,EU,5
Sarr,GBR,A,EU,5
Treu,GBR,A,EU,5
Adee,GBR,A,EU,5
Duro,GBR,A,EU,5
Sopp,GBR,A,EU,5
Zaro,GBR,A,EU,5
Molt,GBR,A,EU,5
Halt,GBR,A,EU,5
Pree,GBR,G,EU,3
Rozo,GBR,A,EU,3
Wyly,GBR,A,EU,3
Gums,GBR,E,EU,5
Leys,GBR,A,EU,4
Nohr,GBR,A,EU,5
Gapp,GBR,A,EU,5
Pies,GBR,A,EU,5
Coup,GBR,A,EU,3
Gren,GBR,A,EU,4
Hahs,GBR,A,EU,4
Asby,GBR,A,EU,3
Rane,GBR,A,EU,4
Robe,GBR,A,EU,5
Dede,GBR,A,EU,5
Kama,GBR,A,EU,5
Lace,GBR,A,EU,5
Dire,GBR,A,EU,5
Hoeg,GBR,A,EU,5
Kien,GBR,A,EU,5
Lovo,GBR,A,EU,5
Raul,GBR,A,EU,5
Roam,GBR,A,EU,5
Toda,GBR,A,EU,5
Alia,GBR,A,EU,5
Sonn,GBR,A,EU,5
Barz,GBR,A,EU,5
Isla,GBR,A,EU,4
Daft,GBR,A,EU,4
Dzik,GBR,A,EU,5
Natt,GBR,A,EU,5
Pere,GBR,A,EU,5
Ryno,GBR,A,EU,5
Smee,GBR,A,EU,5
Bily,GBR,A,EU,5
Kade,GBR,A,EU,5
Naro,GBR,A,EU,5
Nein,GBR,A,EU,5
Wagg,GBR,A,EU,5
Chap,GBR,A,EU,5
Imam,GBR,A,EU,5
Koep,GBR,A,EU,5
Leza,GBR,A,EU,5
Wege,GBR,A,EU,5
Wish,GBR,A,EU,5
Jubb,GBR,A,EU,5
Lauf,GBR,A,EU,5
Toya,GBR,A,EU,5
Wank,GBR,A,EU,5
Doto,GBR,A,EU,5
Kint,GBR,A,EU,5
Gotz,GBR,A,EU,4
Hoen,GBR,A,EU,4
Hoes,GBR,A,EU,4
Kata,GBR,A,EU,5
Rahl,GBR,A,EU,5
Reen,GBR,A,EU,5
Senk,GBR,A,EU,5
Mane,GBR,A,EU,5
Wich,GBR,A,EU,5
Mest,GBR,A,EU,5
Watz,GBR,A,EU,5
Loge,GBR,A,EU,5
Tout,GBR,A,EU,5
Zogg,GBR,A,EU,5
Giel,GBR,A,EU,5
Gumz,GBR,A,EU,5
Hons,GBR,A,EU,5
Romm,GBR,A,EU,5
Thal,GBR,A,EU,5
Flow,GBR,A,EU,5
Kasa,GBR,A,EU,5
Kirt,GBR,A,EU,5
Reeg,GBR,A,EU,5
Brau,GBR,A,EU,5
Kooy,GBR,A,EU,5
Locy,GBR,A,EU,5
Mand,GBR,A,EU,5
Yore,GBR,A,EU,4
Bata,GBR,A,EU,4
Whan,GBR,A,EU,5
Wyka,GBR,A,EU,5
Yahr,GBR,F,EU,5
Reeh,GBR,F,EU,5
Suss,GBR,A,EU,5
Math,GBR,A,EU,5
Milz,GBR,A,EU,4
Sula,GBR,A,EU,5
Urda,GBR,A,EU,5
Halk,GBR,A,EU,5
Hawe,GBR,A,EU,5
Lich,GBR,A,EU,5
Radi,GBR,A,EU,5
Avon,GBR,A,EU,5
Idle,GBR,A,EU,5
Pipe,GBR,A,EU,5
Werk,GBR,A,EU,5
Wisz,GBR,A,EU,5
Pant,GBR,A,EU,5
Soun,GBR,A,EU,5
Sump,GBR,A,EU,5
Woon,GBR,A,EU,5
Huet,GBR,A,EU,5
Lupa,GBR,A,EU,5
Reth,GBR,A,EU,5
Roes,GBR,A,EU,5
Yann,GBR,A,EU,5
Oran,GBR,A,EU,5
Tory,GBR,A,EU,4
Bada,GBR,A,EU,5
Igel,GBR,A,EU,5
Labs,GBR,A,EU,5
Purk,GBR,A,EU,5
Rami,GBR,A,EU,5
Tuch,GBR,A,EU,5
Wirz,GBR,A,EU,5
Dabb,GBR,A,EU,3
Fust,GBR,E,EU,4
Ouch,GBR,A,EU,4
Sohm,GBR,A,EU,5
Vaid,GBR,A,EU,5
Aure,GBR,A,EU,5
Dacy,GBR,A,EU,5
Flam,GBR,A,EU,5
Nham,GBR,A,EU,5
Paup,GBR,A,EU,5
Zisa,GBR,A,EU,5
Axon,GBR,A,EU,5
Bako,GBR,A,EU,5
Ryen,GBR,A,EU,5
Vile,GBR,A,EU,5
Leeb,GBR,A,EU,3
Lenn,GBR,A,EU,4
Fare,GBR,P,EU,3
Game,GBR,A,EU,2
Keng,GBR,A,EU,3
Proa,GBR,A,EU,3
Sade,GBR,A,EU,4
Utke,GBR,A,EU,4
Yera,GBR,A,EU,3
Apps,GBR,A,EU,4
Eckl,GBR,A,EU,4
Hasz,GBR,A,EU,4
Kreh,GBR,A,EU,4
Frid,GBR,A,EU,3
Pesa,GBR,G,EU,4
Raus,GBR,E,EU,4
Saso,GBR,A,EU,4
Thaw,GBR,A,EU,4
Nahm,GBR,A,EU,5
Thun,GBR,A,EU,5
Uran,GBR,A,EU,5
Boeh,GBR,E,EU,5
Eben,GBR,I,EU,5
Haaf,GBR,A,EU,5
Lumm,GBR,A,EU,4
Dury,GBR,A,EU,3
Kihn,GBR,A,EU,4
Nary,GBR,A,EU,3
Guia,GBR,A,EU,4
Dosh,GBR,A,EU,4
Ence,GBR,A,EU,4
Uhls,GBR,A,EU,4
Zuch,GBR,A,EU,4
Emmi,GBR,A,EU,2
Laut,GBR,A,EU,3
Nile,GBR,A,EU,4
Toca,GBR,A,EU,4
Ulep,GBR,A,EU,4
Yarn,GBR,A,EU,3
Iott,GBR,A,EU,4
Ucci,GBR,A,EU,4
Loui,GBR,A,EU,3
Umar,GBR,A,EU,4
Anis,GBR,A,EU,4
Bebb,GBR,A,EU,4
Cata,GBR,A,EU,3
Conk,GBR,A,EU,5
Rede,GBR,A,EU,4
Sobh,GBR,A,EU,5
Zoss,GBR,A,EU,5
Aken,GBR,A,EU,5
Deus,GBR,A,EU,5
Dyes,GBR,A,EU,4
Edin,GBR,A,EU,5
Hams,GBR,A,EU,5
Dume,GBR,A,EU,4
Nori,GBR,A,EU,5
Parm,GBR,A,EU,5
Pisa,GBR,A,EU,5
Spor,GBR,A,EU,5
Cova,GBR,A,EU,5
Drop,GBR,A,EU,5
Keto,GBR,A,EU,5
Krim,GBR,A,EU,5
Door,GBR,A,EU,5
Paco,GBR,A,EU,5
Pert,GBR,A,EU,5
Siem,GBR,A,EU,5
Tuan,GBR,A,EU,5
Hira,GBR,A,EU,5
Muni,GBR,E,EU,5
Neef,GBR,A,EU,5
Coro,GBR,A,EU,5
Fard,GBR,A,EU,5
Hatz,GBR,A,EU,3
Kelp,GBR,A,EU,2
Ketz,GBR,A,EU,3
Kolo,GBR,A,EU,4
Mare,GBR,A,EU,3
Pase,GBR,A,EU,3
Sana,GBR,A,EU,3
Zaid,GBR,A,EU,2
Deja,GBR,A,EU,3
Eike,GBR,A,EU,4
Evey,GBR,A,EU,4
Gaar,GBR,A,EU,2
Mews,GBR,A,EU,3
Ranz,GBR,A,EU,4
Seno,GBR,A,EU,5
Sita,GBR,A,EU,5
Tota,GBR,A,EU,5
Wehe,GBR,A,EU,5
Yunk,GBR,A,EU,5
Girt,GBR,A,EU,5
Hupe,GBR,A,EU,4
Mabb,GBR,A,EU,5
Miga,GBR,A,EU,5
Noth,GBR,A,EU,5
Rafi,GBR,A,EU,5
Plue,GBR,A,EU,5
Thie,GBR,A,EU,5
Buzo,GBR,A,EU,5
Hald,GBR,A,EU,5
Larr,GBR,A,EU,5
Navy,GBR,A,EU,5
Tams,GBR,A,EU,5
Vivo,GBR,A,EU,5
Zoto,GBR,A,EU,5
Fuse,GBR,A,EU,3
Gaub,GBR,A,EU,4
Losa,GBR,A,EU,4
Mady,GBR,A,EU,4
Ozog,GBR,A,EU,4
Sota,GBR,A,EU,4
Wais,GBR,A,EU,3
Buoy,GBR,A,EU,4
Voda,GBR,A,EU,5
Wead,GBR,E,EU,3
Zong,GBR,A,EU,2
Cama,GBR,F,EU,3
Cerf,GBR,A,EU,4
Dalo,GBR,A,EU,4
Debs,GBR,A,EU,4
Heys,GBR,A,EU,4
Klay,GBR,A,EU,4
Noya,GBR,A,EU,3
Paap,GBR,A,EU,4
Puck,GBR,A,EU,4
Roti,GBR,A,EU,4
Topa,GBR,A,EU,3
Tulk,GBR,A,EU,3
Yoes,GBR,A,EU,3
Cloy,GBR,A,EU,3
Ferm,GBR,A,EU,4
Veon,GBR,A,EU,4
Abbo,GBR,A,EU,3
Duka,GBR,A,EU,4
Berl,GBR,K,EU,2
Clah,GBR,C,EU,3
Gaur,GBR,K,EU,3
Kuka,GBR,K,EU,4
Laso,GBR,K,EU,3
Loke,GBR,K,EU,3
Pale,GBR,K,EU,3
Rygh,GBR,K,EU,3
Mean,GBR,K,EU,2
Zube,GBR,P,EU,3
Albu,GBR,P,EU,3
Aney,GBR,G,EU,3
Tran,FRA,D,EU,5
Lane,FRA,D,EU,5
Nhan,FRA,D,EU,5
Carn,FRA,D,EU,3
Bera,FRA,D,EU,5
Lick,FRA,D,EU,5
Leja,FRA,D,EU,5
Cobo,FRA,D,EU,5
Emma,FRA,D,EU,5
Racz,FRA,D,EU,5
Edel,FRA,H,EU,3
Elzy,FRA,D,EU,3
Tito,FRA,D,EU,3
Sult,FRA,D,EU,3
Gohn,FRA,D,EU,3
Marz,FRA,D,EU,3
Miro,FRA,D,EU,4
Shoe,FRA,D,EU,5
Puhl,FRA,H,EU,3
Lada,FRA,H,EU,4
Casa,FRA,G,EU,4
Keay,FRA,A,EU,3
Ozga,FRA,A,EU,5
Fyke,FRA,A,EU,5
Busk,FRA,A,EU,5
Maro,FRA,A,EU,4
Reum,FRA,A,EU,5
Ryce,FRA,A,EU,5
Coda,FRA,D,EU,4
Kina,FRA,A,EU,4
Neat,FRA,A,EU,5
Nest,FRA,A,EU,5
Wyre,FRA,G,EU,5
Baiz,FRA,G,EU,5
Erne,FRA,E,EU,5
Pala,FRA,A,EU,5
Webb,DEU,D,EU,4
Wolf,DEU,D,EU,5
Gill,DEU,D,EU,5
Wang,DEU,D,EU,5
Tate,DEU,D,EU,5
Khan,DEU,0,EU,3
Jahn,DEU,0,EU,5
Mach,DEU,0,EU,5
Heal,DEU,0,EU,5
Rook,DEU,0,EU,5
Delk,DEU,0,EU,5
Burg,DEU,0,EU,5
Kile,DEU,0,EU,5
Leos,DEU,0,EU,5
Aziz,DEU,0,EU,5
Borg,DEU,0,EU,5
Kulp,DEU,0,EU,5
Lebo,DEU,D,EU,4
Gump,DEU,0,EU,5
Moro,DEU,0,EU,5
Hebb,DEU,0,EU,5
Bank,DEU,0,EU,5
Dade,DEU,D,EU,5
Moor,DEU,0,EU,5
Baig,DEU,0,EU,5
Malo,DEU,0,EU,5
Thor,DEU,0,EU,5
Otey,DEU,0,EU,5
Leto,DEU,0,EU,5
Mraz,DEU,0,EU,5
Hise,DEU,0,EU,5
Ince,DEU,0,EU,5
Haar,DEU,0,EU,5
Gwyn,DEU,0,EU,5
Bark,DEU,0,EU,5
Foos,DEU,0,EU,5
Vine,DEU,0,EU,5
Jury,DEU,0,EU,5
Kron,DEU,0,EU,5
Gram,DEU,0,EU,5
Dock,DEU,D,EU,4
Jent,DEU,D,EU,5
Stem,DEU,D,EU,5
Hitz,DEU,D,EU,5
Ripp,DEU,D,EU,5
Brow,DEU,D,EU,5
Mook,DEU,D,EU,5
Flax,DEU,D,EU,5
Guel,DEU,D,EU,5
Raff,DEU,D,EU,5
Kuss,DEU,D,EU,5
Then,DEU,D,EU,5
Kuck,DEU,D,EU,5
Sang,DEU,D,EU,5
Poli,DEU,D,EU,5
Rast,DEU,D,EU,5
Bala,DEU,D,EU,5
Kind,DEU,D,EU,5
Risk,DEU,D,EU,5
Jess,DEU,P,EU,5
Erbe,DEU,D,EU,5
Kear,DEU,D,EU,5
Calo,DEU,D,EU,5
Munz,DEU,D,EU,5
Woll,DEU,D,EU,5
Bold,DEU,D,EU,5
Davi,DEU,D,EU,5
Saia,DEU,D,EU,5
Zerr,DEU,D,EU,5
Brar,DEU,D,EU,5
Piel,DEU,D,EU,5
Raja,DEU,D,EU,5
Kail,DEU,D,EU,5
Roff,DEU,0,EU,5
Mehr,DEU,0,EU,5
Kuta,DEU,D,EU,5
Kaya,DEU,D,EU,5
Lopp,DEU,D,EU,5
Suri,DEU,D,EU,3
Eble,DEU,I,EU,5
Leep,DEU,0,EU,5
Arzu,DEU,I,EU,5
Baun,DEU,I,EU,5
Rion,DEU,0,EU,4
Duba,DEU,0,EU,4
Ebbs,DEU,0,EU,5
Goda,DEU,0,EU,4
Hoek,DEU,A,EU,5
Uden,DEU,A,EU,5
Yoss,DEU,A,EU,5
Yono,DEU,A,EU,4
Arbo,DEU,K,EU,3
Mita,DEU,0,EU,4
Sela,DEU,0,EU,4
Sien,DEU,0,EU,5
Assi,DEU,0,EU,5
Blad,DEU,0,EU,5
Caza,DEU,0,EU,5
Isho,DEU,0,EU,5
Klym,DEU,0,EU,5
Suer,DEU,0,EU,1
Arra,DEU,0,EU,3
Rice,CHN,D,APAC,5
Sahr,CHN,D,APAC,5
Agro,CHN,E,APAC,5
Kula,CHE,D,EU,5
Stec,CHE,D,EU,5
Rene,CHE,D,EU,5
Dall,CHE,D,EU,5
Brun,CHE,K,EU,5
Dehn,CHE,K,EU,5
Kamm,CHE,D,EU,5
Pepi,CHE,K,EU,5
Ball,BRA,D,CALA,4
Garn,BRA,D,CALA,5
Haff,BRA,D,CALA,5
Kick,BRA,D,CALA,5
Akey,BRA,D,CALA,5
Eick,BRA,D,CALA,5
Kurt,BRA,D,CALA,5
Hamp,BRA,D,CALA,5
Gade,BRA,K,CALA,5
Alix,BRA,D,CALA,4
Glor,BRA,A,CALA,4
Rehm,AUS,K,APAC,5
Jama,AUS,D,APAC,5
Kubo,AUS,D,APAC,4
Rask,AUS,D,APAC,5
Riva,AUS,D,APAC,5
Slye,AUS,D,APAC,5
Deak,AUS,D,APAC,5
Boor,AUS,D,APAC,5
Hase,AUS,D,APAC,5
Joye,AUS,D,APAC,5
Fail,AUS,D,APAC,5
Bahn,AUS,G,APAC,5
Palo,AUS,G,APAC,5
Cech,AUS,G,APAC,5
Hsia,AUS,G,APAC,5
Joos,AUS,D,APAC,5
Lill,AUS,D,APAC,5
Coad,AUS,D,APAC,5
Junk,AUS,G,APAC,5
Beno,AUS,D,APAC,5
Toye,AUS,D,APAC,5
Liou,AUS,D,APAC,5
Peil,AUS,D,APAC,5
Bole,AUS,D,APAC,5
Feit,AUS,D,APAC,5
Kock,AUS,D,APAC,5
Koth,AUS,D,APAC,5
Viar,AUS,D,APAC,5
Jani,AUS,D,APAC,5
Seip,AUS,D,APAC,5
Figg,AUS,D,APAC,5
Kuch,AUS,D,APAC,5
Fogt,AUS,I,APAC,4
Ngan,AUS,I,APAC,4
Lehl,AUS,A,APAC,4
Pimm,AUS,A,APAC,5
Puno,AUS,A,APAC,5
Rhen,AUS,A,APAC,5
Abro,AUS,A,APAC,5
Hahl,AUS,A,APAC,3
Ifft,AUS,A,APAC,4
Kibe,AUS,A,APAC,4
Loff,AUS,A,APAC,4
Qiao,AUS,A,APAC,4
Spoo,AUS,A,APAC,4
Zehm,AUS,A,APAC,4
Zhai,AUS,F,APAC,5
Agre,AUS,P,APAC,4
Aita,AUS,A,APAC,4
Dedo,AUS,F,APAC,4
Etue,AUS,A,APAC,4
Hees,AUS,A,APAC,4
Kvam,AUS,A,APAC,4
